phase,model,combo_id,version,repeat_idx,array_size,sram_kb,interface_bandwidth,dataflow,ifmap_offset,filter_offset,ofmap_offset,rng_seed,wall_seconds,returncode,status,timed_out,total_cycles,total_cycles_incl_prefetch,num_layers_reported,topology_file,config_path,output_dir,log_path,numpy_version,hostname,python_version,cpu_model,timestamp
main_grid,resnet18,anchor,vanilla,1,32,64,CALC,ws,0,10000000,20000000,40,307.208,0,ok,False,2519815,2603685,21,/data/grizos/SCALE-Sim/topologies/conv_nets/Resnet18.csv,/data/grizos/Scale-Sim-SPM/benchmarks/results_new/cfgs/resnet18__anchor__vanilla__rep1.cfg,/data/grizos/Scale-Sim-SPM/benchmarks/results_new/runs/vanilla/resnet18__anchor__vanilla__rep1,/data/grizos/Scale-Sim-SPM/benchmarks/results_new/logs/vanilla/resnet18__anchor__vanilla__rep1.log,1.24.4,wil,3.8.10,x86_64,2026-09-22T17:16:05.358875+00:00
main_grid,resnet18,anchor,optimized,1,32,64,CALC,ws,0,10000000,20000000,40,187.909,0,ok,False,2519815,2603685,21,/data/grizos/Scale-Sim-SPM/topologies/conv_nets/Resnet18.csv,/data/grizos/Scale-Sim-SPM/benchmarks/results_new/cfgs/resnet18__anchor__optimized__rep1.cfg,/data/grizos/Scale-Sim-SPM/benchmarks/results_new/runs/optimized/resnet18__anchor__optimized__rep1,/data/grizos/Scale-Sim-SPM/benchmarks/results_new/logs/optimized/resnet18__anchor__optimized__rep1.log,1.24.4,wil,3.8.10,x86_64,2026-09-22T17:19:13.530769+00:00
main_grid,googlenet,grid_a64_s16_user,vanilla,1,64,16,USER,ws,0,10000000,20000000,40,3600.129,,timeout,True,,,,/data/grizos/SCALE-Sim/topologies/conv_nets/Googlenet.csv,/data/grizos/Scale-Sim-SPM/benchmarks/results_new/cfgs/googlenet__grid_a64_s16_user__vanilla__rep1.cfg,/data/grizos/Scale-Sim-SPM/benchmarks/results_new/runs/vanilla/googlenet__grid_a64_s16_user__vanilla__rep1,/data/grizos/Scale-Sim-SPM/benchmarks/results_new/logs/vanilla/googlenet__grid_a64_s16_user__vanilla__rep1.log,1.24.4,wil,3.8.10,x86_64,2026-09-22T18:23:56.665702+00:00
main_grid,googlenet,anchor,vanilla,1,32,64,CALC,ws,0,10000000,20000000,40,250.861,0,ok,False,1987921,2214019,58,/data/grizos/SCALE-Sim/topologies/conv_nets/Googlenet.csv,/data/grizos/Scale-Sim-SPM/benchmarks/results_new/cfgs/googlenet__anchor__vanilla__rep1.cfg,/data/grizos/Scale-Sim-SPM/benchmarks/results_new/runs/vanilla/googlenet__anchor__vanilla__rep1,/data/grizos/Scale-Sim-SPM/benchmarks/results_new/logs/vanilla/googlenet__anchor__vanilla__rep1.log,1.24.4,wil,3.8.10,x86_64,2026-09-22T21:24:41.409341+00:00
main_grid,googlenet,anchor,optimized,1,32,64,CALC,ws,0,10000000,20000000,40,152.725,0,ok,False,1987921,2214019,58,/data/grizos/Scale-Sim-SPM/topologies/conv_nets/Googlenet.csv,/data/grizos/Scale-Sim-SPM/benchmarks/results_new/cfgs/googlenet__anchor__optimized__rep1.cfg,/data/grizos/Scale-Sim-SPM/benchmarks/results_new/runs/optimized/googlenet__anchor__optimized__rep1,/data/grizos/Scale-Sim-SPM/benchmarks/results_new/logs/optimized/googlenet__anchor__optimized__rep1.log,1.24.4,wil,3.8.10,x86_64,2026-09-22T21:27:14.398207+00:00
main_grid,googlenet,grid_a16_s16_user,vanilla,1,16,16,USER,ws,0,10000000,20000000,40,7200.169,,timeout,True,,,,/data/grizos/SCALE-Sim/topologies/conv_nets/Googlenet.csv,/data/grizos/Scale-Sim-SPM/benchmarks/results_new/cfgs/googlenet__grid_a16_s16_user__vanilla__rep1.cfg,/data/grizos/Scale-Sim-SPM/benchmarks/results_new/runs/vanilla/googlenet__grid_a16_s16_user__vanilla__rep1,/data/grizos/Scale-Sim-SPM/benchmarks/results_new/logs/vanilla/googlenet__grid_a16_s16_user__vanilla__rep1.log,1.24.4,wil,3.8.10,x86_64,2026-09-22T23:27:14.814255+00:00
main_grid,googlenet,grid_a16_s16_user,optimized,1,16,16,USER,ws,0,10000000,20000000,40,950.345,0,ok,False,162009849,162102065,58,/data/grizos/Scale-Sim-SPM/topologies/conv_nets/Googlenet.csv,/data/grizos/Scale-Sim-SPM/benchmarks/results_new/cfgs/googlenet__grid_a16_s16_user__optimized__rep1.cfg,/data/grizos/Scale-Sim-SPM/benchmarks/results_new/runs/optimized/googlenet__grid_a16_s16_user__optimized__rep1,/data/grizos/Scale-Sim-SPM/benchmarks/results_new/logs/optimized/googlenet__grid_a16_s16_user__optimized__rep1.log,1.24.4,wil,3.8.10,x86_64,2026-09-22T23:43:06.159869+00:00
main_grid,googlenet,grid_a16_s32_user,vanilla,1,16,32,USER,ws,0,10000000,20000000,40,2104.973,0,ok,False,36532013,36711558,58,/data/grizos/SCALE-Sim/topologies/conv_nets/Googlenet.csv,/data/grizos/Scale-Sim-SPM/benchmarks/results_new/cfgs/googlenet__grid_a16_s32_user__vanilla__rep1.cfg,/data/grizos/Scale-Sim-SPM/benchmarks/results_new/runs/vanilla/googlenet__grid_a16_s32_user__vanilla__rep1,/data/grizos/Scale-Sim-SPM/benchmarks/results_new/logs/vanilla/googlenet__grid_a16_s32_user__vanilla__rep1.log,1.24.4,wil,3.8.10,x86_64,2026-09-23T00:18:13.422651+00:00
main_grid,googlenet,grid_a16_s32_user,optimized,1,16,32,USER,ws,0,10000000,20000000,40,516.301,0,ok,False,36532013,36711558,58,/data/grizos/Scale-Sim-SPM/topologies/conv_nets/Googlenet.csv,/data/grizos/Scale-Sim-SPM/benchmarks/results_new/cfgs/googlenet__grid_a16_s32_user__optimized__rep1.cfg,/data/grizos/Scale-Sim-SPM/benchmarks/results_new/runs/optimized/googlenet__grid_a16_s32_user__optimized__rep1,/data/grizos/Scale-Sim-SPM/benchmarks/results_new/logs/optimized/googlenet__grid_a16_s32_user__optimized__rep1.log,1.24.4,wil,3.8.10,x86_64,2026-09-23T00:26:50.539071+00:00
main_grid,googlenet,grid_a16_s64_user,vanilla,1,16,64,USER,ws,0,10000000,20000000,40,929.439,0,ok,False,17786098,18166428,58,/data/grizos/SCALE-Sim/topologies/conv_nets/Googlenet.csv,/data/grizos/Scale-Sim-SPM/benchmarks/results_new/cfgs/googlenet__grid_a16_s64_user__vanilla__rep1.cfg,/data/grizos/Scale-Sim-SPM/benchmarks/results_new/runs/vanilla/googlenet__grid_a16_s64_user__vanilla__rep1,/data/grizos/Scale-Sim-SPM/benchmarks/results_new/logs/vanilla/googlenet__grid_a16_s64_user__vanilla__rep1.log,1.24.4,wil,3.8.10,x86_64,2026-09-23T00:42:20.795301+00:00
main_grid,googlenet,grid_a16_s64_user,optimized,1,16,64,USER,ws,0,10000000,20000000,40,436.724,0,ok,False,17786098,18166428,58,/data/grizos/Scale-Sim-SPM/topologies/conv_nets/Googlenet.csv,/data/grizos/Scale-Sim-SPM/benchmarks/results_new/cfgs/googlenet__grid_a16_s64_user__optimized__rep1.cfg,/data/grizos/Scale-Sim-SPM/benchmarks/results_new/runs/optimized/googlenet__grid_a16_s64_user__optimized__rep1,/data/grizos/Scale-Sim-SPM/benchmarks/results_new/logs/optimized/googlenet__grid_a16_s64_user__optimized__rep1.log,1.24.4,wil,3.8.10,x86_64,2026-09-23T00:49:38.075972+00:00
main_grid,googlenet,grid_a16_s128_user,vanilla,1,16,128,USER,ws,0,10000000,20000000,40,888.697,0,ok,False,16938780,17640662,58,/data/grizos/SCALE-Sim/topologies/conv_nets/Googlenet.csv,/data/grizos/Scale-Sim-SPM/benchmarks/results_new/cfgs/googlenet__grid_a16_s128_user__vanilla__rep1.cfg,/data/grizos/Scale-Sim-SPM/benchmarks/results_new/runs/vanilla/googlenet__grid_a16_s128_user__vanilla__rep1,/data/grizos/Scale-Sim-SPM/benchmarks/results_new/logs/vanilla/googlenet__grid_a16_s128_user__vanilla__rep1.log,1.24.4,wil,3.8.10,x86_64,2026-09-23T01:04:27.330222+00:00
main_grid,googlenet,grid_a16_s128_user,optimized,1,16,128,USER,ws,0,10000000,20000000,40,434.657,0,ok,False,16938780,17640662,58,/data/grizos/Scale-Sim-SPM/topologies/conv_nets/Googlenet.csv,/data/grizos/Scale-Sim-SPM/benchmarks/results_new/cfgs/googlenet__grid_a16_s128_user__optimized__rep1.cfg,/data/grizos/Scale-Sim-SPM/benchmarks/results_new/runs/optimized/googlenet__grid_a16_s128_user__optimized__rep1,/data/grizos/Scale-Sim-SPM/benchmarks/results_new/logs/optimized/googlenet__grid_a16_s128_user__optimized__rep1.log,1.24.4,wil,3.8.10,x86_64,2026-09-23T01:11:42.528540+00:00
main_grid,googlenet,grid_a16_s256_user,vanilla,1,16,256,USER,ws,0,10000000,20000000,40,826.385,0,ok,False,14679732,16007780,58,/data/grizos/SCALE-Sim/topologies/conv_nets/Googlenet.csv,/data/grizos/Scale-Sim-SPM/benchmarks/results_new/cfgs/googlenet__grid_a16_s256_user__vanilla__rep1.cfg,/data/grizos/Scale-Sim-SPM/benchmarks/results_new/runs/vanilla/googlenet__grid_a16_s256_user__vanilla__rep1,/data/grizos/Scale-Sim-SPM/benchmarks/results_new/logs/vanilla/googlenet__grid_a16_s256_user__vanilla__rep1.log,1.24.4,wil,3.8.10,x86_64,2026-09-23T01:25:29.443656+00:00
main_grid,googlenet,grid_a16_s256_user,optimized,1,16,256,USER,ws,0,10000000,20000000,40,414.339,0,ok,False,14679732,16007780,58,/data/grizos/Scale-Sim-SPM/topologies/conv_nets/Googlenet.csv,/data/grizos/Scale-Sim-SPM/benchmarks/results_new/cfgs/googlenet__grid_a16_s256_user__optimized__rep1.cfg,/data/grizos/Scale-Sim-SPM/benchmarks/results_new/runs/optimized/googlenet__grid_a16_s256_user__optimized__rep1,/data/grizos/Scale-Sim-SPM/benchmarks/results_new/logs/optimized/googlenet__grid_a16_s256_user__optimized__rep1.log,1.24.4,wil,3.8.10,x86_64,2026-09-23T01:32:24.277764+00:00
main_grid,googlenet,grid_a32_s16_user,vanilla,1,32,16,USER,ws,0,10000000,20000000,40,7200.145,,timeout,True,,,,/data/grizos/SCALE-Sim/topologies/conv_nets/Googlenet.csv,/data/grizos/Scale-Sim-SPM/benchmarks/results_new/cfgs/googlenet__grid_a32_s16_user__vanilla__rep1.cfg,/data/grizos/Scale-Sim-SPM/benchmarks/results_new/runs/vanilla/googlenet__grid_a32_s16_user__vanilla__rep1,/data/grizos/Scale-Sim-SPM/benchmarks/results_new/logs/vanilla/googlenet__grid_a32_s16_user__vanilla__rep1.log,1.24.4,wil,3.8.10,x86_64,2026-09-23T03:32:24.918733+00:00
main_grid,googlenet,grid_a32_s16_user,optimized,1,32,16,USER,ws,0,10000000,20000000,40,537.104,0,ok,False,103845872,103941527,58,/data/grizos/Scale-Sim-SPM/topologies/conv_nets/Googlenet.csv,/data/grizos/Scale-Sim-SPM/benchmarks/results_new/cfgs/googlenet__grid_a32_s16_user__optimized__rep1.cfg,/data/grizos/Scale-Sim-SPM/benchmarks/results_new/runs/optimized/googlenet__grid_a32_s16_user__optimized__rep1,/data/grizos/Scale-Sim-SPM/benchmarks/results_new/logs/optimized/googlenet__grid_a32_s16_user__optimized__rep1.log,1.24.4,wil,3.8.10,x86_64,2026-09-23T03:41:22.751139+00:00
main_grid,googlenet,grid_a32_s32_user,vanilla,1,32,32,USER,ws,0,10000000,20000000,40,1533.526,0,ok,False,33419851,33615730,58,/data/grizos/SCALE-Sim/topologies/conv_nets/Googlenet.csv,/data/grizos/Scale-Sim-SPM/benchmarks/results_new/cfgs/googlenet__grid_a32_s32_user__vanilla__rep1.cfg,/data/grizos/Scale-Sim-SPM/benchmarks/results_new/runs/vanilla/googlenet__grid_a32_s32_user__vanilla__rep1,/data/grizos/Scale-Sim-SPM/benchmarks/results_new/logs/vanilla/googlenet__grid_a32_s32_user__vanilla__rep1.log,1.24.4,wil,3.8.10,x86_64,2026-09-23T04:06:57.798719+00:00
main_grid,googlenet,grid_a32_s32_user,optimized,1,32,32,USER,ws,0,10000000,20000000,40,296.648,0,ok,False,33419851,33615730,58,/data/grizos/Scale-Sim-SPM/topologies/conv_nets/Googlenet.csv,/data/grizos/Scale-Sim-SPM/benchmarks/results_new/cfgs/googlenet__grid_a32_s32_user__optimized__rep1.cfg,/data/grizos/Scale-Sim-SPM/benchmarks/results_new/runs/optimized/googlenet__grid_a32_s32_user__optimized__rep1,/data/grizos/Scale-Sim-SPM/benchmarks/results_new/logs/optimized/googlenet__grid_a32_s32_user__optimized__rep1.log,1.24.4,wil,3.8.10,x86_64,2026-09-23T04:11:55.079984+00:00
main_grid,googlenet,grid_a32_s64_user,vanilla,1,32,64,USER,ws,0,10000000,20000000,40,441.268,0,ok,False,15323008,15716623,58,/data/grizos/SCALE-Sim/topologies/conv_nets/Googlenet.csv,/data/grizos/Scale-Sim-SPM/benchmarks/results_new/cfgs/googlenet__grid_a32_s64_user__vanilla__rep1.cfg,/data/grizos/Scale-Sim-SPM/benchmarks/results_new/runs/vanilla/googlenet__grid_a32_s64_user__vanilla__rep1,/data/grizos/Scale-Sim-SPM/benchmarks/results_new/logs/vanilla/googlenet__grid_a32_s64_user__vanilla__rep1.log,1.24.4,wil,3.8.10,x86_64,2026-09-23T04:19:16.978339+00:00
main_grid,googlenet,grid_a32_s64_user,optimized,1,32,64,USER,ws,0,10000000,20000000,40,234.985,0,ok,False,15323008,15716623,58,/data/grizos/Scale-Sim-SPM/topologies/conv_nets/Googlenet.csv,/data/grizos/Scale-Sim-SPM/benchmarks/results_new/cfgs/googlenet__grid_a32_s64_user__optimized__rep1.cfg,/data/grizos/Scale-Sim-SPM/benchmarks/results_new/runs/optimized/googlenet__grid_a32_s64_user__optimized__rep1,/data/grizos/Scale-Sim-SPM/benchmarks/results_new/logs/optimized/googlenet__grid_a32_s64_user__optimized__rep1.log,1.24.4,wil,3.8.10,x86_64,2026-09-23T04:23:12.371171+00:00
main_grid,googlenet,grid_a32_s128_user,vanilla,1,32,128,USER,ws,0,10000000,20000000,40,398.497,0,ok,False,12819974,13557170,58,/data/grizos/SCALE-Sim/topologies/conv_nets/Googlenet.csv,/data/grizos/Scale-Sim-SPM/benchmarks/results_new/cfgs/googlenet__grid_a32_s128_user__vanilla__rep1.cfg,/data/grizos/Scale-Sim-SPM/benchmarks/results_new/runs/vanilla/googlenet__grid_a32_s128_user__vanilla__rep1,/data/grizos/Scale-Sim-SPM/benchmarks/results_new/logs/vanilla/googlenet__grid_a32_s128_user__vanilla__rep1.log,1.24.4,wil,3.8.10,x86_64,2026-09-23T04:29:51.270834+00:00
main_grid,googlenet,grid_a32_s128_user,optimized,1,32,128,USER,ws,0,10000000,20000000,40,228.691,0,ok,False,12819974,13557170,58,/data/grizos/Scale-Sim-SPM/topologies/conv_nets/Googlenet.csv,/data/grizos/Scale-Sim-SPM/benchmarks/results_new/cfgs/googlenet__grid_a32_s128_user__optimized__rep1.cfg,/data/grizos/Scale-Sim-SPM/benchmarks/results_new/runs/optimized/googlenet__grid_a32_s128_user__optimized__rep1,/data/grizos/Scale-Sim-SPM/benchmarks/results_new/logs/optimized/googlenet__grid_a32_s128_user__optimized__rep1.log,1.24.4,wil,3.8.10,x86_64,2026-09-23T04:33:40.324757+00:00
main_grid,googlenet,grid_a32_s256_user,vanilla,1,32,256,USER,ws,0,10000000,20000000,40,354.889,0,ok,False,9795055,11157149,58,/data/grizos/SCALE-Sim/topologies/conv_nets/Googlenet.csv,/data/grizos/Scale-Sim-SPM/benchmarks/results_new/cfgs/googlenet__grid_a32_s256_user__vanilla__rep1.cfg,/data/grizos/Scale-Sim-SPM/benchmarks/results_new/runs/vanilla/googlenet__grid_a32_s256_user__vanilla__rep1,/data/grizos/Scale-Sim-SPM/benchmarks/results_new/logs/vanilla/googlenet__grid_a32_s256_user__vanilla__rep1.log,1.24.4,wil,3.8.10,x86_64,2026-09-23T04:39:35.563121+00:00
main_grid,googlenet,grid_a32_s256_user,optimized,1,32,256,USER,ws,0,10000000,20000000,40,210.876,0,ok,False,9795055,11157149,58,/data/grizos/Scale-Sim-SPM/topologies/conv_nets/Googlenet.csv,/data/grizos/Scale-Sim-SPM/benchmarks/results_new/cfgs/googlenet__grid_a32_s256_user__optimized__rep1.cfg,/data/grizos/Scale-Sim-SPM/benchmarks/results_new/runs/optimized/googlenet__grid_a32_s256_user__optimized__rep1,/data/grizos/Scale-Sim-SPM/benchmarks/results_new/logs/optimized/googlenet__grid_a32_s256_user__optimized__rep1.log,1.24.4,wil,3.8.10,x86_64,2026-09-23T04:43:06.774588+00:00
main_grid,googlenet,grid_a64_s16_user,vanilla,1,64,16,USER,ws,0,10000000,20000000,40,7200.083,,timeout,True,,,,/data/grizos/SCALE-Sim/topologies/conv_nets/Googlenet.csv,/data/grizos/Scale-Sim-SPM/benchmarks/results_new/cfgs/googlenet__grid_a64_s16_user__vanilla__rep1.cfg,/data/grizos/Scale-Sim-SPM/benchmarks/results_new/runs/vanilla/googlenet__grid_a64_s16_user__vanilla__rep1,/data/grizos/Scale-Sim-SPM/benchmarks/results_new/logs/vanilla/googlenet__grid_a64_s16_user__vanilla__rep1.log,1.24.4,wil,3.8.10,x86_64,2026-09-23T06:43:07.197259+00:00
main_grid,googlenet,grid_a64_s16_user,optimized,1,64,16,USER,ws,0,10000000,20000000,40,327.839,0,ok,False,64078821,64172757,58,/data/grizos/Scale-Sim-SPM/topologies/conv_nets/Googlenet.csv,/data/grizos/Scale-Sim-SPM/benchmarks/results_new/cfgs/googlenet__grid_a64_s16_user__optimized__rep1.cfg,/data/grizos/Scale-Sim-SPM/benchmarks/results_new/runs/optimized/googlenet__grid_a64_s16_user__optimized__rep1,/data/grizos/Scale-Sim-SPM/benchmarks/results_new/logs/optimized/googlenet__grid_a64_s16_user__optimized__rep1.log,1.24.4,wil,3.8.10,x86_64,2026-09-23T06:48:35.834832+00:00
main_grid,googlenet,grid_a64_s32_user,vanilla,1,64,32,USER,ws,0,10000000,20000000,40,1614.758,0,ok,False,37937450,38123551,58,/data/grizos/SCALE-Sim/topologies/conv_nets/Googlenet.csv,/data/grizos/Scale-Sim-SPM/benchmarks/results_new/cfgs/googlenet__grid_a64_s32_user__vanilla__rep1.cfg,/data/grizos/Scale-Sim-SPM/benchmarks/results_new/runs/vanilla/googlenet__grid_a64_s32_user__vanilla__rep1,/data/grizos/Scale-Sim-SPM/benchmarks/results_new/logs/vanilla/googlenet__grid_a64_s32_user__vanilla__rep1.log,1.24.4,wil,3.8.10,x86_64,2026-09-23T07:15:31.534346+00:00
main_grid,googlenet,grid_a64_s32_user,optimized,1,64,32,USER,ws,0,10000000,20000000,40,243.488,0,ok,False,37937450,38123551,58,/data/grizos/Scale-Sim-SPM/topologies/conv_nets/Googlenet.csv,/data/grizos/Scale-Sim-SPM/benchmarks/results_new/cfgs/googlenet__grid_a64_s32_user__optimized__rep1.cfg,/data/grizos/Scale-Sim-SPM/benchmarks/results_new/runs/optimized/googlenet__grid_a64_s32_user__optimized__rep1,/data/grizos/Scale-Sim-SPM/benchmarks/results_new/logs/optimized/googlenet__grid_a64_s32_user__optimized__rep1.log,1.24.4,wil,3.8.10,x86_64,2026-09-23T07:19:35.641353+00:00
main_grid,googlenet,grid_a64_s64_user,vanilla,1,64,64,USER,ws,0,10000000,20000000,40,313.699,0,ok,False,16099926,16457610,58,/data/grizos/SCALE-Sim/topologies/conv_nets/Googlenet.csv,/data/grizos/Scale-Sim-SPM/benchmarks/results_new/cfgs/googlenet__grid_a64_s64_user__vanilla__rep1.cfg,/data/grizos/Scale-Sim-SPM/benchmarks/results_new/runs/vanilla/googlenet__grid_a64_s64_user__vanilla__rep1,/data/grizos/Scale-Sim-SPM/benchmarks/results_new/logs/vanilla/googlenet__grid_a64_s64_user__vanilla__rep1.log,1.24.4,wil,3.8.10,x86_64,2026-09-23T07:24:49.957570+00:00
main_grid,googlenet,grid_a64_s64_user,optimized,1,64,64,USER,ws,0,10000000,20000000,40,162.457,0,ok,False,16099926,16457610,58,/data/grizos/Scale-Sim-SPM/topologies/conv_nets/Googlenet.csv,/data/grizos/Scale-Sim-SPM/benchmarks/results_new/cfgs/googlenet__grid_a64_s64_user__optimized__rep1.cfg,/data/grizos/Scale-Sim-SPM/benchmarks/results_new/runs/optimized/googlenet__grid_a64_s64_user__optimized__rep1,/data/grizos/Scale-Sim-SPM/benchmarks/results_new/logs/optimized/googlenet__grid_a64_s64_user__optimized__rep1.log,1.24.4,wil,3.8.10,x86_64,2026-09-23T07:27:32.757670+00:00
main_grid,googlenet,grid_a64_s128_user,vanilla,1,64,128,USER,ws,0,10000000,20000000,40,241.981,0,ok,False,11071930,11760633,58,/data/grizos/SCALE-Sim/topologies/conv_nets/Googlenet.csv,/data/grizos/Scale-Sim-SPM/benchmarks/results_new/cfgs/googlenet__grid_a64_s128_user__vanilla__rep1.cfg,/data/grizos/Scale-Sim-SPM/benchmarks/results_new/runs/vanilla/googlenet__grid_a64_s128_user__vanilla__rep1,/data/grizos/Scale-Sim-SPM/benchmarks/results_new/logs/vanilla/googlenet__grid_a64_s128_user__vanilla__rep1.log,1.24.4,wil,3.8.10,x86_64,2026-09-23T07:31:35.080929+00:00
main_grid,googlenet,grid_a64_s128_user,optimized,1,64,128,USER,ws,0,10000000,20000000,40,146.979,0,ok,False,11071930,11760633,58,/data/grizos/Scale-Sim-SPM/topologies/conv_nets/Googlenet.csv,/data/grizos/Scale-Sim-SPM/benchmarks/results_new/cfgs/googlenet__grid_a64_s128_user__optimized__rep1.cfg,/data/grizos/Scale-Sim-SPM/benchmarks/results_new/runs/optimized/googlenet__grid_a64_s128_user__optimized__rep1,/data/grizos/Scale-Sim-SPM/benchmarks/results_new/logs/optimized/googlenet__grid_a64_s128_user__optimized__rep1.log,1.24.4,wil,3.8.10,x86_64,2026-09-23T07:34:02.324522+00:00
main_grid,googlenet,grid_a64_s256_user,vanilla,1,64,256,USER,ws,0,10000000,20000000,40,204.198,0,ok,False,7896220,9133515,58,/data/grizos/SCALE-Sim/topologies/conv_nets/Googlenet.csv,/data/grizos/Scale-Sim-SPM/benchmarks/results_new/cfgs/googlenet__grid_a64_s256_user__vanilla__rep1.cfg,/data/grizos/Scale-Sim-SPM/benchmarks/results_new/runs/vanilla/googlenet__grid_a64_s256_user__vanilla__rep1,/data/grizos/Scale-Sim-SPM/benchmarks/results_new/logs/vanilla/googlenet__grid_a64_s256_user__vanilla__rep1.log,1.24.4,wil,3.8.10,x86_64,2026-09-23T07:37:26.787975+00:00
main_grid,googlenet,grid_a64_s256_user,optimized,1,64,256,USER,ws,0,10000000,20000000,40,129.192,0,ok,False,7896220,9133515,58,/data/grizos/Scale-Sim-SPM/topologies/conv_nets/Googlenet.csv,/data/grizos/Scale-Sim-SPM/benchmarks/results_new/cfgs/googlenet__grid_a64_s256_user__optimized__rep1.cfg,/data/grizos/Scale-Sim-SPM/benchmarks/results_new/runs/optimized/googlenet__grid_a64_s256_user__optimized__rep1,/data/grizos/Scale-Sim-SPM/benchmarks/results_new/logs/optimized/googlenet__grid_a64_s256_user__optimized__rep1.log,1.24.4,wil,3.8.10,x86_64,2026-09-23T07:39:36.200848+00:00
main_grid,googlenet,grid_a16_s64_calc,vanilla,1,16,64,CALC,ws,0,10000000,20000000,40,629.128,0,ok,False,6564448,6830929,58,/data/grizos/SCALE-Sim/topologies/conv_nets/Googlenet.csv,/data/grizos/Scale-Sim-SPM/benchmarks/results_new/cfgs/googlenet__grid_a16_s64_calc__vanilla__rep1.cfg,/data/grizos/Scale-Sim-SPM/benchmarks/results_new/runs/vanilla/googlenet__grid_a16_s64_calc__vanilla__rep1,/data/grizos/Scale-Sim-SPM/benchmarks/results_new/logs/vanilla/googlenet__grid_a16_s64_calc__vanilla__rep1.log,1.24.4,wil,3.8.10,x86_64,2026-09-23T07:50:05.548096+00:00
main_grid,googlenet,grid_a16_s64_calc,optimized,1,16,64,CALC,ws,0,10000000,20000000,40,357.669,0,ok,False,6564448,6830929,58,/data/grizos/Scale-Sim-SPM/topologies/conv_nets/Googlenet.csv,/data/grizos/Scale-Sim-SPM/benchmarks/results_new/cfgs/googlenet__grid_a16_s64_calc__optimized__rep1.cfg,/data/grizos/Scale-Sim-SPM/benchmarks/results_new/runs/optimized/googlenet__grid_a16_s64_calc__optimized__rep1,/data/grizos/Scale-Sim-SPM/benchmarks/results_new/logs/optimized/googlenet__grid_a16_s64_calc__optimized__rep1.log,1.24.4,wil,3.8.10,x86_64,2026-09-23T07:56:03.633933+00:00
main_grid,googlenet,grid_a64_s64_calc,vanilla,1,64,64,CALC,ws,0,10000000,20000000,40,122.928,0,ok,False,714911,917800,58,/data/grizos/SCALE-Sim/topologies/conv_nets/Googlenet.csv,/data/grizos/Scale-Sim-SPM/benchmarks/results_new/cfgs/googlenet__grid_a64_s64_calc__vanilla__rep1.cfg,/data/grizos/Scale-Sim-SPM/benchmarks/results_new/runs/vanilla/googlenet__grid_a64_s64_calc__vanilla__rep1,/data/grizos/Scale-Sim-SPM/benchmarks/results_new/logs/vanilla/googlenet__grid_a64_s64_calc__vanilla__rep1.log,1.24.4,wil,3.8.10,x86_64,2026-09-23T07:58:06.976666+00:00
main_grid,googlenet,grid_a64_s64_calc,optimized,1,64,64,CALC,ws,0,10000000,20000000,40,75.684,0,ok,False,714911,917800,58,/data/grizos/Scale-Sim-SPM/topologies/conv_nets/Googlenet.csv,/data/grizos/Scale-Sim-SPM/benchmarks/results_new/cfgs/googlenet__grid_a64_s64_calc__optimized__rep1.cfg,/data/grizos/Scale-Sim-SPM/benchmarks/results_new/runs/optimized/googlenet__grid_a64_s64_calc__optimized__rep1,/data/grizos/Scale-Sim-SPM/benchmarks/results_new/logs/optimized/googlenet__grid_a64_s64_calc__optimized__rep1.log,1.24.4,wil,3.8.10,x86_64,2026-09-23T07:59:22.805499+00:00
main_grid,googlenet,ctrl_offset_shift,vanilla,1,32,64,CALC,ws,5000000,15000000,25000000,40,243.797,0,ok,False,1987921,2214019,58,/data/grizos/SCALE-Sim/topologies/conv_nets/Googlenet.csv,/data/grizos/Scale-Sim-SPM/benchmarks/results_new/cfgs/googlenet__ctrl_offset_shift__vanilla__rep1.cfg,/data/grizos/Scale-Sim-SPM/benchmarks/results_new/runs/vanilla/googlenet__ctrl_offset_shift__vanilla__rep1,/data/grizos/Scale-Sim-SPM/benchmarks/results_new/logs/vanilla/googlenet__ctrl_offset_shift__vanilla__rep1.log,1.24.4,wil,3.8.10,x86_64,2026-09-23T08:03:26.747281+00:00
main_grid,googlenet,ctrl_offset_shift,optimized,1,32,64,CALC,ws,5000000,15000000,25000000,40,148.287,0,ok,False,1987921,2214019,58,/data/grizos/Scale-Sim-SPM/topologies/conv_nets/Googlenet.csv,/data/grizos/Scale-Sim-SPM/benchmarks/results_new/cfgs/googlenet__ctrl_offset_shift__optimized__rep1.cfg,/data/grizos/Scale-Sim-SPM/benchmarks/results_new/runs/optimized/googlenet__ctrl_offset_shift__optimized__rep1,/data/grizos/Scale-Sim-SPM/benchmarks/results_new/logs/optimized/googlenet__ctrl_offset_shift__optimized__rep1.log,1.24.4,wil,3.8.10,x86_64,2026-09-23T08:05:55.279679+00:00
main_grid,googlenet,ctrl_seed_alt,vanilla,1,32,64,CALC,ws,0,10000000,20000000,777,246.562,0,ok,False,1987921,2214019,58,/data/grizos/SCALE-Sim/topologies/conv_nets/Googlenet.csv,/data/grizos/Scale-Sim-SPM/benchmarks/results_new/cfgs/googlenet__ctrl_seed_alt__vanilla__rep1.cfg,/data/grizos/Scale-Sim-SPM/benchmarks/results_new/runs/vanilla/googlenet__ctrl_seed_alt__vanilla__rep1,/data/grizos/Scale-Sim-SPM/benchmarks/results_new/logs/vanilla/googlenet__ctrl_seed_alt__vanilla__rep1.log,1.24.4,wil,3.8.10,x86_64,2026-09-23T08:10:02.082427+00:00
main_grid,googlenet,ctrl_seed_alt,optimized,1,32,64,CALC,ws,0,10000000,20000000,777,148.368,0,ok,False,1987921,2214019,58,/data/grizos/Scale-Sim-SPM/topologies/conv_nets/Googlenet.csv,/data/grizos/Scale-Sim-SPM/benchmarks/results_new/cfgs/googlenet__ctrl_seed_alt__optimized__rep1.cfg,/data/grizos/Scale-Sim-SPM/benchmarks/results_new/runs/optimized/googlenet__ctrl_seed_alt__optimized__rep1,/data/grizos/Scale-Sim-SPM/benchmarks/results_new/logs/optimized/googlenet__ctrl_seed_alt__optimized__rep1.log,1.24.4,wil,3.8.10,x86_64,2026-09-23T08:12:30.676174+00:00
main_grid,resnet18,grid_a16_s16_user,vanilla,1,16,16,USER,ws,0,10000000,20000000,40,7200.079,,timeout,True,,,,/data/grizos/SCALE-Sim/topologies/conv_nets/Resnet18.csv,/data/grizos/Scale-Sim-SPM/benchmarks/results_new/cfgs/resnet18__grid_a16_s16_user__vanilla__rep1.cfg,/data/grizos/Scale-Sim-SPM/benchmarks/results_new/runs/vanilla/resnet18__grid_a16_s16_user__vanilla__rep1,/data/grizos/Scale-Sim-SPM/benchmarks/results_new/logs/vanilla/resnet18__grid_a16_s16_user__vanilla__rep1.log,1.24.4,wil,3.8.10,x86_64,2026-09-23T10:12:30.977387+00:00
main_grid,resnet18,grid_a16_s16_user,optimized,1,16,16,USER,ws,0,10000000,20000000,40,1680.361,0,ok,False,335873782,335916349,21,/data/grizos/Scale-Sim-SPM/topologies/conv_nets/Resnet18.csv,/data/grizos/Scale-Sim-SPM/benchmarks/results_new/cfgs/resnet18__grid_a16_s16_user__optimized__rep1.cfg,/data/grizos/Scale-Sim-SPM/benchmarks/results_new/runs/optimized/resnet18__grid_a16_s16_user__optimized__rep1,/data/grizos/Scale-Sim-SPM/benchmarks/results_new/logs/optimized/resnet18__grid_a16_s16_user__optimized__rep1.log,1.24.4,wil,3.8.10,x86_64,2026-09-23T10:40:31.737278+00:00
main_grid,resnet18,grid_a16_s32_user,vanilla,1,16,32,USER,ws,0,10000000,20000000,40,7200.112,,timeout,True,,,,/data/grizos/SCALE-Sim/topologies/conv_nets/Resnet18.csv,/data/grizos/Scale-Sim-SPM/benchmarks/results_new/cfgs/resnet18__grid_a16_s32_user__vanilla__rep1.cfg,/data/grizos/Scale-Sim-SPM/benchmarks/results_new/runs/vanilla/resnet18__grid_a16_s32_user__vanilla__rep1,/data/grizos/Scale-Sim-SPM/benchmarks/results_new/logs/vanilla/resnet18__grid_a16_s32_user__vanilla__rep1.log,1.24.4,wil,3.8.10,x86_64,2026-09-23T12:40:35.475984+00:00
main_grid,resnet18,grid_a16_s32_user,optimized,1,16,32,USER,ws,0,10000000,20000000,40,1579.095,0,ok,False,325528663,325599869,21,/data/grizos/Scale-Sim-SPM/topologies/conv_nets/Resnet18.csv,/data/grizos/Scale-Sim-SPM/benchmarks/results_new/cfgs/resnet18__grid_a16_s32_user__optimized__rep1.cfg,/data/grizos/Scale-Sim-SPM/benchmarks/results_new/runs/optimized/resnet18__grid_a16_s32_user__optimized__rep1,/data/grizos/Scale-Sim-SPM/benchmarks/results_new/logs/optimized/resnet18__grid_a16_s32_user__optimized__rep1.log,1.24.4,wil,3.8.10,x86_64,2026-09-23T13:06:55.209558+00:00
main_grid,resnet18,grid_a16_s64_user,vanilla,1,16,64,USER,ws,0,10000000,20000000,40,7200.109,,timeout,True,,,,/data/grizos/SCALE-Sim/topologies/conv_nets/Resnet18.csv,/data/grizos/Scale-Sim-SPM/benchmarks/results_new/cfgs/resnet18__grid_a16_s64_user__vanilla__rep1.cfg,/data/grizos/Scale-Sim-SPM/benchmarks/results_new/runs/vanilla/resnet18__grid_a16_s64_user__vanilla__rep1,/data/grizos/Scale-Sim-SPM/benchmarks/results_new/logs/vanilla/resnet18__grid_a16_s64_user__vanilla__rep1.log,1.24.4,wil,3.8.10,x86_64,2026-09-23T15:06:58.999658+00:00
main_grid,resnet18,grid_a16_s64_user,optimized,1,16,64,USER,ws,0,10000000,20000000,40,1761.002,0,ok,False,379088286,379222812,21,/data/grizos/Scale-Sim-SPM/topologies/conv_nets/Resnet18.csv,/data/grizos/Scale-Sim-SPM/benchmarks/results_new/cfgs/resnet18__grid_a16_s64_user__optimized__rep1.cfg,/data/grizos/Scale-Sim-SPM/benchmarks/results_new/runs/optimized/resnet18__grid_a16_s64_user__optimized__rep1,/data/grizos/Scale-Sim-SPM/benchmarks/results_new/logs/optimized/resnet18__grid_a16_s64_user__optimized__rep1.log,1.24.4,wil,3.8.10,x86_64,2026-09-23T15:36:20.463770+00:00
main_grid,resnet18,grid_a16_s128_user,vanilla,1,16,128,USER,ws,0,10000000,20000000,40,2275.865,0,ok,False,60849949,61135056,21,/data/grizos/SCALE-Sim/topologies/conv_nets/Resnet18.csv,/data/grizos/Scale-Sim-SPM/benchmarks/results_new/cfgs/resnet18__grid_a16_s128_user__vanilla__rep1.cfg,/data/grizos/Scale-Sim-SPM/benchmarks/results_new/runs/vanilla/resnet18__grid_a16_s128_user__vanilla__rep1,/data/grizos/Scale-Sim-SPM/benchmarks/results_new/logs/vanilla/resnet18__grid_a16_s128_user__vanilla__rep1.log,1.24.4,wil,3.8.10,x86_64,2026-09-23T16:14:21.062887+00:00
main_grid,resnet18,grid_a16_s128_user,optimized,1,16,128,USER,ws,0,10000000,20000000,40,663.192,0,ok,False,60849949,61135056,21,/data/grizos/Scale-Sim-SPM/topologies/conv_nets/Resnet18.csv,/data/grizos/Scale-Sim-SPM/benchmarks/results_new/cfgs/resnet18__grid_a16_s128_user__optimized__rep1.cfg,/data/grizos/Scale-Sim-SPM/benchmarks/results_new/runs/optimized/resnet18__grid_a16_s128_user__optimized__rep1,/data/grizos/Scale-Sim-SPM/benchmarks/results_new/logs/optimized/resnet18__grid_a16_s128_user__optimized__rep1.log,1.24.4,wil,3.8.10,x86_64,2026-09-23T16:25:25.501087+00:00
main_grid,resnet18,grid_a16_s256_user,vanilla,1,16,256,USER,ws,0,10000000,20000000,40,1161.646,0,ok,False,33054149,33587899,21,/data/grizos/SCALE-Sim/topologies/conv_nets/Resnet18.csv,/data/grizos/Scale-Sim-SPM/benchmarks/results_new/cfgs/resnet18__grid_a16_s256_user__vanilla__rep1.cfg,/data/grizos/Scale-Sim-SPM/benchmarks/results_new/runs/vanilla/resnet18__grid_a16_s256_user__vanilla__rep1,/data/grizos/Scale-Sim-SPM/benchmarks/results_new/logs/vanilla/resnet18__grid_a16_s256_user__vanilla__rep1.log,1.24.4,wil,3.8.10,x86_64,2026-09-23T16:44:48.381416+00:00
main_grid,resnet18,grid_a16_s256_user,optimized,1,16,256,USER,ws,0,10000000,20000000,40,577.126,0,ok,False,33054149,33587899,21,/data/grizos/Scale-Sim-SPM/topologies/conv_nets/Resnet18.csv,/data/grizos/Scale-Sim-SPM/benchmarks/results_new/cfgs/resnet18__grid_a16_s256_user__optimized__rep1.cfg,/data/grizos/Scale-Sim-SPM/benchmarks/results_new/runs/optimized/resnet18__grid_a16_s256_user__optimized__rep1,/data/grizos/Scale-Sim-SPM/benchmarks/results_new/logs/optimized/resnet18__grid_a16_s256_user__optimized__rep1.log,1.24.4,wil,3.8.10,x86_64,2026-09-23T16:54:26.256171+00:00
main_grid,resnet18,grid_a32_s16_user,vanilla,1,32,16,USER,ws,0,10000000,20000000,40,7200.093,,timeout,True,,,,/data/grizos/SCALE-Sim/topologies/conv_nets/Resnet18.csv,/data/grizos/Scale-Sim-SPM/benchmarks/results_new/cfgs/resnet18__grid_a32_s16_user__vanilla__rep1.cfg,/data/grizos/Scale-Sim-SPM/benchmarks/results_new/runs/vanilla/resnet18__grid_a32_s16_user__vanilla__rep1,/data/grizos/Scale-Sim-SPM/benchmarks/results_new/logs/vanilla/resnet18__grid_a32_s16_user__vanilla__rep1.log,1.24.4,wil,3.8.10,x86_64,2026-09-23T18:54:27.115395+00:00
main_grid,resnet18,grid_a32_s16_user,optimized,1,32,16,USER,ws,0,10000000,20000000,40,2968.932,0,ok,False,803714356,803748565,21,/data/grizos/Scale-Sim-SPM/topologies/conv_nets/Resnet18.csv,/data/grizos/Scale-Sim-SPM/benchmarks/results_new/cfgs/resnet18__grid_a32_s16_user__optimized__rep1.cfg,/data/grizos/Scale-Sim-SPM/benchmarks/results_new/runs/optimized/resnet18__grid_a32_s16_user__optimized__rep1,/data/grizos/Scale-Sim-SPM/benchmarks/results_new/logs/optimized/resnet18__grid_a32_s16_user__optimized__rep1.log,1.24.4,wil,3.8.10,x86_64,2026-09-23T19:43:56.729862+00:00
main_grid,resnet18,grid_a32_s32_user,vanilla,1,32,32,USER,ws,0,10000000,20000000,40,7200.105,,timeout,True,,,,/data/grizos/SCALE-Sim/topologies/conv_nets/Resnet18.csv,/data/grizos/Scale-Sim-SPM/benchmarks/results_new/cfgs/resnet18__grid_a32_s32_user__vanilla__rep1.cfg,/data/grizos/Scale-Sim-SPM/benchmarks/results_new/runs/vanilla/resnet18__grid_a32_s32_user__vanilla__rep1,/data/grizos/Scale-Sim-SPM/benchmarks/results_new/logs/vanilla/resnet18__grid_a32_s32_user__vanilla__rep1.log,1.24.4,wil,3.8.10,x86_64,2026-09-23T21:44:04.983836+00:00
main_grid,resnet18,grid_a32_s32_user,optimized,1,32,32,USER,ws,0,10000000,20000000,40,2737.434,0,ok,False,755438911,755505663,21,/data/grizos/Scale-Sim-SPM/topologies/conv_nets/Resnet18.csv,/data/grizos/Scale-Sim-SPM/benchmarks/results_new/cfgs/resnet18__grid_a32_s32_user__optimized__rep1.cfg,/data/grizos/Scale-Sim-SPM/benchmarks/results_new/runs/optimized/resnet18__grid_a32_s32_user__optimized__rep1,/data/grizos/Scale-Sim-SPM/benchmarks/results_new/logs/optimized/resnet18__grid_a32_s32_user__optimized__rep1.log,1.24.4,wil,3.8.10,x86_64,2026-09-23T22:29:42.775547+00:00
main_grid,resnet18,grid_a32_s64_user,vanilla,1,32,64,USER,ws,0,10000000,20000000,40,7200.104,,timeout,True,,,,/data/grizos/SCALE-Sim/topologies/conv_nets/Resnet18.csv,/data/grizos/Scale-Sim-SPM/benchmarks/results_new/cfgs/resnet18__grid_a32_s64_user__vanilla__rep1.cfg,/data/grizos/Scale-Sim-SPM/benchmarks/results_new/runs/vanilla/resnet18__grid_a32_s64_user__vanilla__rep1,/data/grizos/Scale-Sim-SPM/benchmarks/results_new/logs/vanilla/resnet18__grid_a32_s64_user__vanilla__rep1.log,1.24.4,wil,3.8.10,x86_64,2026-09-24T00:29:51.161029+00:00
main_grid,resnet18,grid_a32_s64_user,optimized,1,32,64,USER,ws,0,10000000,20000000,40,1955.111,0,ok,False,531040547,531186267,21,/data/grizos/Scale-Sim-SPM/topologies/conv_nets/Resnet18.csv,/data/grizos/Scale-Sim-SPM/benchmarks/results_new/cfgs/resnet18__grid_a32_s64_user__optimized__rep1.cfg,/data/grizos/Scale-Sim-SPM/benchmarks/results_new/runs/optimized/resnet18__grid_a32_s64_user__optimized__rep1,/data/grizos/Scale-Sim-SPM/benchmarks/results_new/logs/optimized/resnet18__grid_a32_s64_user__optimized__rep1.log,1.24.4,wil,3.8.10,x86_64,2026-09-24T01:02:26.643743+00:00
main_grid,resnet18,grid_a32_s128_user,vanilla,1,32,128,USER,ws,0,10000000,20000000,40,1797.654,0,ok,False,60003658,60303135,21,/data/grizos/SCALE-Sim/topologies/conv_nets/Resnet18.csv,/data/grizos/Scale-Sim-SPM/benchmarks/results_new/cfgs/resnet18__grid_a32_s128_user__vanilla__rep1.cfg,/data/grizos/Scale-Sim-SPM/benchmarks/results_new/runs/vanilla/resnet18__grid_a32_s128_user__vanilla__rep1,/data/grizos/Scale-Sim-SPM/benchmarks/results_new/logs/vanilla/resnet18__grid_a32_s128_user__vanilla__rep1.log,1.24.4,wil,3.8.10,x86_64,2026-09-24T01:32:30.338747+00:00
main_grid,resnet18,grid_a32_s128_user,optimized,1,32,128,USER,ws,0,10000000,20000000,40,427.604,0,ok,False,60003658,60303135,21,/data/grizos/Scale-Sim-SPM/topologies/conv_nets/Resnet18.csv,/data/grizos/Scale-Sim-SPM/benchmarks/results_new/cfgs/resnet18__grid_a32_s128_user__optimized__rep1.cfg,/data/grizos/Scale-Sim-SPM/benchmarks/results_new/runs/optimized/resnet18__grid_a32_s128_user__optimized__rep1,/data/grizos/Scale-Sim-SPM/benchmarks/results_new/logs/optimized/resnet18__grid_a32_s128_user__optimized__rep1.log,1.24.4,wil,3.8.10,x86_64,2026-09-24T01:39:38.913928+00:00
main_grid,resnet18,grid_a32_s256_user,vanilla,1,32,256,USER,ws,0,10000000,20000000,40,641.553,0,ok,False,30981661,31590889,21,/data/grizos/SCALE-Sim/topologies/conv_nets/Resnet18.csv,/data/grizos/Scale-Sim-SPM/benchmarks/results_new/cfgs/resnet18__grid_a32_s256_user__vanilla__rep1.cfg,/data/grizos/Scale-Sim-SPM/benchmarks/results_new/runs/vanilla/resnet18__grid_a32_s256_user__vanilla__rep1,/data/grizos/Scale-Sim-SPM/benchmarks/results_new/logs/vanilla/resnet18__grid_a32_s256_user__vanilla__rep1.log,1.24.4,wil,3.8.10,x86_64,2026-09-24T01:50:21.503079+00:00
main_grid,resnet18,grid_a32_s256_user,optimized,1,32,256,USER,ws,0,10000000,20000000,40,324.832,0,ok,False,30981661,31590889,21,/data/grizos/Scale-Sim-SPM/topologies/conv_nets/Resnet18.csv,/data/grizos/Scale-Sim-SPM/benchmarks/results_new/cfgs/resnet18__grid_a32_s256_user__optimized__rep1.cfg,/data/grizos/Scale-Sim-SPM/benchmarks/results_new/runs/optimized/resnet18__grid_a32_s256_user__optimized__rep1,/data/grizos/Scale-Sim-SPM/benchmarks/results_new/logs/optimized/resnet18__grid_a32_s256_user__optimized__rep1.log,1.24.4,wil,3.8.10,x86_64,2026-09-24T01:55:47.010285+00:00
main_grid,resnet18,grid_a64_s16_user,vanilla,1,64,16,USER,ws,0,10000000,20000000,40,7200.072,,timeout,True,,,,/data/grizos/SCALE-Sim/topologies/conv_nets/Resnet18.csv,/data/grizos/Scale-Sim-SPM/benchmarks/results_new/cfgs/resnet18__grid_a64_s16_user__vanilla__rep1.cfg,/data/grizos/Scale-Sim-SPM/benchmarks/results_new/runs/vanilla/resnet18__grid_a64_s16_user__vanilla__rep1,/data/grizos/Scale-Sim-SPM/benchmarks/results_new/logs/vanilla/resnet18__grid_a64_s16_user__vanilla__rep1.log,1.24.4,wil,3.8.10,x86_64,2026-09-24T03:55:47.720913+00:00
main_grid,resnet18,grid_a64_s16_user,optimized,1,64,16,USER,ws,0,10000000,20000000,40,1204.346,0,ok,False,333310223,333348708,21,/data/grizos/Scale-Sim-SPM/topologies/conv_nets/Resnet18.csv,/data/grizos/Scale-Sim-SPM/benchmarks/results_new/cfgs/resnet18__grid_a64_s16_user__optimized__rep1.cfg,/data/grizos/Scale-Sim-SPM/benchmarks/results_new/runs/optimized/resnet18__grid_a64_s16_user__optimized__rep1,/data/grizos/Scale-Sim-SPM/benchmarks/results_new/logs/optimized/resnet18__grid_a64_s16_user__optimized__rep1.log,1.24.4,wil,3.8.10,x86_64,2026-09-24T04:15:52.743668+00:00
main_grid,resnet18,grid_a64_s32_user,vanilla,1,64,32,USER,ws,0,10000000,20000000,40,7200.128,,timeout,True,,,,/data/grizos/SCALE-Sim/topologies/conv_nets/Resnet18.csv,/data/grizos/Scale-Sim-SPM/benchmarks/results_new/cfgs/resnet18__grid_a64_s32_user__vanilla__rep1.cfg,/data/grizos/Scale-Sim-SPM/benchmarks/results_new/runs/vanilla/resnet18__grid_a64_s32_user__vanilla__rep1,/data/grizos/Scale-Sim-SPM/benchmarks/results_new/logs/vanilla/resnet18__grid_a64_s32_user__vanilla__rep1.log,1.24.4,wil,3.8.10,x86_64,2026-09-24T06:15:56.998727+00:00
main_grid,resnet18,grid_a64_s32_user,optimized,1,64,32,USER,ws,0,10000000,20000000,40,729.419,0,ok,False,185268054,185338262,21,/data/grizos/Scale-Sim-SPM/topologies/conv_nets/Resnet18.csv,/data/grizos/Scale-Sim-SPM/benchmarks/results_new/cfgs/resnet18__grid_a64_s32_user__optimized__rep1.cfg,/data/grizos/Scale-Sim-SPM/benchmarks/results_new/runs/optimized/resnet18__grid_a64_s32_user__optimized__rep1,/data/grizos/Scale-Sim-SPM/benchmarks/results_new/logs/optimized/resnet18__grid_a64_s32_user__optimized__rep1.log,1.24.4,wil,3.8.10,x86_64,2026-09-24T06:28:06.843365+00:00
main_grid,resnet18,grid_a64_s64_user,vanilla,1,64,64,USER,ws,0,10000000,20000000,40,7200.162,,timeout,True,,,,/data/grizos/SCALE-Sim/topologies/conv_nets/Resnet18.csv,/data/grizos/Scale-Sim-SPM/benchmarks/results_new/cfgs/resnet18__grid_a64_s64_user__vanilla__rep1.cfg,/data/grizos/Scale-Sim-SPM/benchmarks/results_new/runs/vanilla/resnet18__grid_a64_s64_user__vanilla__rep1,/data/grizos/Scale-Sim-SPM/benchmarks/results_new/logs/vanilla/resnet18__grid_a64_s64_user__vanilla__rep1.log,1.24.4,wil,3.8.10,x86_64,2026-09-24T08:28:09.534436+00:00
main_grid,resnet18,grid_a64_s64_user,optimized,1,64,64,USER,ws,0,10000000,20000000,40,462.336,0,ok,False,97825107,97967353,21,/data/grizos/Scale-Sim-SPM/topologies/conv_nets/Resnet18.csv,/data/grizos/Scale-Sim-SPM/benchmarks/results_new/cfgs/resnet18__grid_a64_s64_user__optimized__rep1.cfg,/data/grizos/Scale-Sim-SPM/benchmarks/results_new/runs/optimized/resnet18__grid_a64_s64_user__optimized__rep1,/data/grizos/Scale-Sim-SPM/benchmarks/results_new/logs/optimized/resnet18__grid_a64_s64_user__optimized__rep1.log,1.24.4,wil,3.8.10,x86_64,2026-09-24T08:35:52.972276+00:00
main_grid,resnet18,grid_a64_s128_user,vanilla,1,64,128,USER,ws,0,10000000,20000000,40,1578.282,0,ok,False,56956290,57246338,21,/data/grizos/SCALE-Sim/topologies/conv_nets/Resnet18.csv,/data/grizos/Scale-Sim-SPM/benchmarks/results_new/cfgs/resnet18__grid_a64_s128_user__vanilla__rep1.cfg,/data/grizos/Scale-Sim-SPM/benchmarks/results_new/runs/vanilla/resnet18__grid_a64_s128_user__vanilla__rep1,/data/grizos/Scale-Sim-SPM/benchmarks/results_new/logs/vanilla/resnet18__grid_a64_s128_user__vanilla__rep1.log,1.24.4,wil,3.8.10,x86_64,2026-09-24T09:02:12.627393+00:00
main_grid,resnet18,grid_a64_s128_user,optimized,1,64,128,USER,ws,0,10000000,20000000,40,349.646,0,ok,False,56956290,57246338,21,/data/grizos/Scale-Sim-SPM/topologies/conv_nets/Resnet18.csv,/data/grizos/Scale-Sim-SPM/benchmarks/results_new/cfgs/resnet18__grid_a64_s128_user__optimized__rep1.cfg,/data/grizos/Scale-Sim-SPM/benchmarks/results_new/runs/optimized/resnet18__grid_a64_s128_user__optimized__rep1,/data/grizos/Scale-Sim-SPM/benchmarks/results_new/logs/optimized/resnet18__grid_a64_s128_user__optimized__rep1.log,1.24.4,wil,3.8.10,x86_64,2026-09-24T09:08:03.200088+00:00
main_grid,resnet18,grid_a64_s256_user,vanilla,1,64,256,USER,ws,0,10000000,20000000,40,460.285,0,ok,False,29568452,30197415,21,/data/grizos/SCALE-Sim/topologies/conv_nets/Resnet18.csv,/data/grizos/Scale-Sim-SPM/benchmarks/results_new/cfgs/resnet18__grid_a64_s256_user__vanilla__rep1.cfg,/data/grizos/Scale-Sim-SPM/benchmarks/results_new/runs/vanilla/resnet18__grid_a64_s256_user__vanilla__rep1,/data/grizos/Scale-Sim-SPM/benchmarks/results_new/logs/vanilla/resnet18__grid_a64_s256_user__vanilla__rep1.log,1.24.4,wil,3.8.10,x86_64,2026-09-24T09:15:44.313965+00:00
main_grid,resnet18,grid_a64_s256_user,optimized,1,64,256,USER,ws,0,10000000,20000000,40,243.345,0,ok,False,29568452,30197415,21,/data/grizos/Scale-Sim-SPM/topologies/conv_nets/Resnet18.csv,/data/grizos/Scale-Sim-SPM/benchmarks/results_new/cfgs/resnet18__grid_a64_s256_user__optimized__rep1.cfg,/data/grizos/Scale-Sim-SPM/benchmarks/results_new/runs/optimized/resnet18__grid_a64_s256_user__optimized__rep1,/data/grizos/Scale-Sim-SPM/benchmarks/results_new/logs/optimized/resnet18__grid_a64_s256_user__optimized__rep1.log,1.24.4,wil,3.8.10,x86_64,2026-09-24T09:19:48.173034+00:00
main_grid,resnet18,grid_a16_s64_calc,vanilla,1,16,64,CALC,ws,0,10000000,20000000,40,719.414,0,ok,False,7885563,7989889,21,/data/grizos/SCALE-Sim/topologies/conv_nets/Resnet18.csv,/data/grizos/Scale-Sim-SPM/benchmarks/results_new/cfgs/resnet18__grid_a16_s64_calc__vanilla__rep1.cfg,/data/grizos/Scale-Sim-SPM/benchmarks/results_new/runs/vanilla/resnet18__grid_a16_s64_calc__vanilla__rep1,/data/grizos/Scale-Sim-SPM/benchmarks/results_new/logs/vanilla/resnet18__grid_a16_s64_calc__vanilla__rep1.log,1.24.4,wil,3.8.10,x86_64,2026-09-24T09:31:47.986149+00:00
main_grid,resnet18,grid_a16_s64_calc,optimized,1,16,64,CALC,ws,0,10000000,20000000,40,426.162,0,ok,False,7885563,7989889,21,/data/grizos/Scale-Sim-SPM/topologies/conv_nets/Resnet18.csv,/data/grizos/Scale-Sim-SPM/benchmarks/results_new/cfgs/resnet18__grid_a16_s64_calc__optimized__rep1.cfg,/data/grizos/Scale-Sim-SPM/benchmarks/results_new/runs/optimized/resnet18__grid_a16_s64_calc__optimized__rep1,/data/grizos/Scale-Sim-SPM/benchmarks/results_new/logs/optimized/resnet18__grid_a16_s64_calc__optimized__rep1.log,1.24.4,wil,3.8.10,x86_64,2026-09-24T09:38:54.635165+00:00
main_grid,resnet18,grid_a64_s64_calc,vanilla,1,64,64,CALC,ws,0,10000000,20000000,40,145.485,0,ok,False,910115,984488,21,/data/grizos/SCALE-Sim/topologies/conv_nets/Resnet18.csv,/data/grizos/Scale-Sim-SPM/benchmarks/results_new/cfgs/resnet18__grid_a64_s64_calc__vanilla__rep1.cfg,/data/grizos/Scale-Sim-SPM/benchmarks/results_new/runs/vanilla/resnet18__grid_a64_s64_calc__vanilla__rep1,/data/grizos/Scale-Sim-SPM/benchmarks/results_new/logs/vanilla/resnet18__grid_a64_s64_calc__vanilla__rep1.log,1.24.4,wil,3.8.10,x86_64,2026-09-24T09:41:20.617487+00:00
main_grid,resnet18,grid_a64_s64_calc,optimized,1,64,64,CALC,ws,0,10000000,20000000,40,112.705,0,ok,False,910115,984488,21,/data/grizos/Scale-Sim-SPM/topologies/conv_nets/Resnet18.csv,/data/grizos/Scale-Sim-SPM/benchmarks/results_new/cfgs/resnet18__grid_a64_s64_calc__optimized__rep1.cfg,/data/grizos/Scale-Sim-SPM/benchmarks/results_new/runs/optimized/resnet18__grid_a64_s64_calc__optimized__rep1,/data/grizos/Scale-Sim-SPM/benchmarks/results_new/logs/optimized/resnet18__grid_a64_s64_calc__optimized__rep1.log,1.24.4,wil,3.8.10,x86_64,2026-09-24T09:43:13.493946+00:00
main_grid,resnet18,ctrl_offset_shift,vanilla,1,32,64,CALC,ws,5000000,15000000,25000000,40,298.046,0,ok,False,2519815,2603685,21,/data/grizos/SCALE-Sim/topologies/conv_nets/Resnet18.csv,/data/grizos/Scale-Sim-SPM/benchmarks/results_new/cfgs/resnet18__ctrl_offset_shift__vanilla__rep1.cfg,/data/grizos/Scale-Sim-SPM/benchmarks/results_new/runs/vanilla/resnet18__ctrl_offset_shift__vanilla__rep1,/data/grizos/Scale-Sim-SPM/benchmarks/results_new/logs/vanilla/resnet18__ctrl_offset_shift__vanilla__rep1.log,1.24.4,wil,3.8.10,x86_64,2026-09-24T09:48:11.727889+00:00
main_grid,resnet18,ctrl_offset_shift,optimized,1,32,64,CALC,ws,5000000,15000000,25000000,40,190.339,0,ok,False,2519815,2603685,21,/data/grizos/Scale-Sim-SPM/topologies/conv_nets/Resnet18.csv,/data/grizos/Scale-Sim-SPM/benchmarks/results_new/cfgs/resnet18__ctrl_offset_shift__optimized__rep1.cfg,/data/grizos/Scale-Sim-SPM/benchmarks/results_new/runs/optimized/resnet18__ctrl_offset_shift__optimized__rep1,/data/grizos/Scale-Sim-SPM/benchmarks/results_new/logs/optimized/resnet18__ctrl_offset_shift__optimized__rep1.log,1.24.4,wil,3.8.10,x86_64,2026-09-24T09:51:22.356099+00:00
main_grid,resnet18,ctrl_seed_alt,vanilla,1,32,64,CALC,ws,0,10000000,20000000,777,307.88,0,ok,False,2519815,2603685,21,/data/grizos/SCALE-Sim/topologies/conv_nets/Resnet18.csv,/data/grizos/Scale-Sim-SPM/benchmarks/results_new/cfgs/resnet18__ctrl_seed_alt__vanilla__rep1.cfg,/data/grizos/Scale-Sim-SPM/benchmarks/results_new/runs/vanilla/resnet18__ctrl_seed_alt__vanilla__rep1,/data/grizos/Scale-Sim-SPM/benchmarks/results_new/logs/vanilla/resnet18__ctrl_seed_alt__vanilla__rep1.log,1.24.4,wil,3.8.10,x86_64,2026-09-24T09:56:30.546892+00:00
main_grid,resnet18,ctrl_seed_alt,optimized,1,32,64,CALC,ws,0,10000000,20000000,777,195.082,0,ok,False,2519815,2603685,21,/data/grizos/Scale-Sim-SPM/topologies/conv_nets/Resnet18.csv,/data/grizos/Scale-Sim-SPM/benchmarks/results_new/cfgs/resnet18__ctrl_seed_alt__optimized__rep1.cfg,/data/grizos/Scale-Sim-SPM/benchmarks/results_new/runs/optimized/resnet18__ctrl_seed_alt__optimized__rep1,/data/grizos/Scale-Sim-SPM/benchmarks/results_new/logs/optimized/resnet18__ctrl_seed_alt__optimized__rep1.log,1.24.4,wil,3.8.10,x86_64,2026-09-24T09:59:45.910357+00:00
main_grid,resnet50,anchor,vanilla,1,32,64,CALC,ws,0,10000000,20000000,40,681.077,0,ok,False,5753486,5979656,54,/data/grizos/SCALE-Sim/topologies/mlperf/Resnet50.csv,/data/grizos/Scale-Sim-SPM/benchmarks/results_new/cfgs/resnet50__anchor__vanilla__rep1.cfg,/data/grizos/Scale-Sim-SPM/benchmarks/results_new/runs/vanilla/resnet50__anchor__vanilla__rep1,/data/grizos/Scale-Sim-SPM/benchmarks/results_new/logs/vanilla/resnet50__anchor__vanilla__rep1.log,1.24.4,wil,3.8.10,x86_64,2026-09-24T10:11:07.308443+00:00
main_grid,resnet50,anchor,optimized,1,32,64,CALC,ws,0,10000000,20000000,40,424.323,0,ok,False,5753486,5979656,54,/data/grizos/Scale-Sim-SPM/topologies/mlperf/Resnet50.csv,/data/grizos/Scale-Sim-SPM/benchmarks/results_new/cfgs/resnet50__anchor__optimized__rep1.cfg,/data/grizos/Scale-Sim-SPM/benchmarks/results_new/runs/optimized/resnet50__anchor__optimized__rep1,/data/grizos/Scale-Sim-SPM/benchmarks/results_new/logs/optimized/resnet50__anchor__optimized__rep1.log,1.24.4,wil,3.8.10,x86_64,2026-09-24T10:18:12.221365+00:00
main_grid,resnet50,grid_a16_s16_user,vanilla,1,16,16,USER,ws,0,10000000,20000000,40,7200.097,,timeout,True,,,,/data/grizos/SCALE-Sim/topologies/mlperf/Resnet50.csv,/data/grizos/Scale-Sim-SPM/benchmarks/results_new/cfgs/resnet50__grid_a16_s16_user__vanilla__rep1.cfg,/data/grizos/Scale-Sim-SPM/benchmarks/results_new/runs/vanilla/resnet50__grid_a16_s16_user__vanilla__rep1,/data/grizos/Scale-Sim-SPM/benchmarks/results_new/logs/vanilla/resnet50__grid_a16_s16_user__vanilla__rep1.log,1.24.4,wil,3.8.10,x86_64,2026-09-24T12:18:12.904311+00:00
main_grid,resnet50,grid_a16_s16_user,optimized,1,16,16,USER,ws,0,10000000,20000000,40,5834.009,0,ok,False,1303820283,1303919368,54,/data/grizos/Scale-Sim-SPM/topologies/mlperf/Resnet50.csv,/data/grizos/Scale-Sim-SPM/benchmarks/results_new/cfgs/resnet50__grid_a16_s16_user__optimized__rep1.cfg,/data/grizos/Scale-Sim-SPM/benchmarks/results_new/runs/optimized/resnet50__grid_a16_s16_user__optimized__rep1,/data/grizos/Scale-Sim-SPM/benchmarks/results_new/logs/optimized/resnet50__grid_a16_s16_user__optimized__rep1.log,1.24.4,wil,3.8.10,x86_64,2026-09-24T13:55:27.560234+00:00
main_grid,resnet50,grid_a16_s32_user,vanilla,1,16,32,USER,ws,0,10000000,20000000,40,7200.184,,timeout,True,,,,/data/grizos/SCALE-Sim/topologies/mlperf/Resnet50.csv,/data/grizos/Scale-Sim-SPM/benchmarks/results_new/cfgs/resnet50__grid_a16_s32_user__vanilla__rep1.cfg,/data/grizos/Scale-Sim-SPM/benchmarks/results_new/runs/vanilla/resnet50__grid_a16_s32_user__vanilla__rep1,/data/grizos/Scale-Sim-SPM/benchmarks/results_new/logs/vanilla/resnet50__grid_a16_s32_user__vanilla__rep1.log,1.24.4,wil,3.8.10,x86_64,2026-09-24T15:55:34.113479+00:00
main_grid,resnet50,grid_a16_s32_user,optimized,1,16,32,USER,ws,0,10000000,20000000,40,4254.024,0,ok,False,963398685,963586648,54,/data/grizos/Scale-Sim-SPM/topologies/mlperf/Resnet50.csv,/data/grizos/Scale-Sim-SPM/benchmarks/results_new/cfgs/resnet50__grid_a16_s32_user__optimized__rep1.cfg,/data/grizos/Scale-Sim-SPM/benchmarks/results_new/runs/optimized/resnet50__grid_a16_s32_user__optimized__rep1,/data/grizos/Scale-Sim-SPM/benchmarks/results_new/logs/optimized/resnet50__grid_a16_s32_user__optimized__rep1.log,1.24.4,wil,3.8.10,x86_64,2026-09-24T17:06:29.313782+00:00
main_grid,resnet50,grid_a16_s64_user,vanilla,1,16,64,USER,ws,0,10000000,20000000,40,7200.19,,timeout,True,,,,/data/grizos/SCALE-Sim/topologies/mlperf/Resnet50.csv,/data/grizos/Scale-Sim-SPM/benchmarks/results_new/cfgs/resnet50__grid_a16_s64_user__vanilla__rep1.cfg,/data/grizos/Scale-Sim-SPM/benchmarks/results_new/runs/vanilla/resnet50__grid_a16_s64_user__vanilla__rep1,/data/grizos/Scale-Sim-SPM/benchmarks/results_new/logs/vanilla/resnet50__grid_a16_s64_user__vanilla__rep1.log,1.24.4,wil,3.8.10,x86_64,2026-09-24T19:06:37.143674+00:00
main_grid,resnet50,grid_a16_s64_user,optimized,1,16,64,USER,ws,0,10000000,20000000,40,3044.289,0,ok,False,637852980,638224428,54,/data/grizos/Scale-Sim-SPM/topologies/mlperf/Resnet50.csv,/data/grizos/Scale-Sim-SPM/benchmarks/results_new/cfgs/resnet50__grid_a16_s64_user__optimized__rep1.cfg,/data/grizos/Scale-Sim-SPM/benchmarks/results_new/runs/optimized/resnet50__grid_a16_s64_user__optimized__rep1,/data/grizos/Scale-Sim-SPM/benchmarks/results_new/logs/optimized/resnet50__grid_a16_s64_user__optimized__rep1.log,1.24.4,wil,3.8.10,x86_64,2026-09-24T19:57:22.543317+00:00
main_grid,resnet50,grid_a16_s128_user,vanilla,1,16,128,USER,ws,0,10000000,20000000,40,3993.645,0,ok,False,105784008,106596942,54,/data/grizos/SCALE-Sim/topologies/mlperf/Resnet50.csv,/data/grizos/Scale-Sim-SPM/benchmarks/results_new/cfgs/resnet50__grid_a16_s128_user__vanilla__rep1.cfg,/data/grizos/Scale-Sim-SPM/benchmarks/results_new/runs/vanilla/resnet50__grid_a16_s128_user__vanilla__rep1,/data/grizos/Scale-Sim-SPM/benchmarks/results_new/logs/vanilla/resnet50__grid_a16_s128_user__vanilla__rep1.log,1.24.4,wil,3.8.10,x86_64,2026-09-24T21:04:02.921899+00:00
main_grid,resnet50,grid_a16_s128_user,optimized,1,16,128,USER,ws,0,10000000,20000000,40,1403.86,0,ok,False,105784008,106596942,54,/data/grizos/Scale-Sim-SPM/topologies/mlperf/Resnet50.csv,/data/grizos/Scale-Sim-SPM/benchmarks/results_new/cfgs/resnet50__grid_a16_s128_user__optimized__rep1.cfg,/data/grizos/Scale-Sim-SPM/benchmarks/results_new/runs/optimized/resnet50__grid_a16_s128_user__optimized__rep1,/data/grizos/Scale-Sim-SPM/benchmarks/results_new/logs/optimized/resnet50__grid_a16_s128_user__optimized__rep1.log,1.24.4,wil,3.8.10,x86_64,2026-09-24T21:27:29.005782+00:00
main_grid,resnet50,grid_a16_s256_user,vanilla,1,16,256,USER,ws,0,10000000,20000000,40,2382.979,0,ok,False,65078843,66472828,54,/data/grizos/SCALE-Sim/topologies/mlperf/Resnet50.csv,/data/grizos/Scale-Sim-SPM/benchmarks/results_new/cfgs/resnet50__grid_a16_s256_user__vanilla__rep1.cfg,/data/grizos/Scale-Sim-SPM/benchmarks/results_new/runs/vanilla/resnet50__grid_a16_s256_user__vanilla__rep1,/data/grizos/Scale-Sim-SPM/benchmarks/results_new/logs/vanilla/resnet50__grid_a16_s256_user__vanilla__rep1.log,1.24.4,wil,3.8.10,x86_64,2026-09-24T22:07:14.088488+00:00
main_grid,resnet50,grid_a16_s256_user,optimized,1,16,256,USER,ws,0,10000000,20000000,40,1231.176,0,ok,False,65078843,66472828,54,/data/grizos/Scale-Sim-SPM/topologies/mlperf/Resnet50.csv,/data/grizos/Scale-Sim-SPM/benchmarks/results_new/cfgs/resnet50__grid_a16_s256_user__optimized__rep1.cfg,/data/grizos/Scale-Sim-SPM/benchmarks/results_new/runs/optimized/resnet50__grid_a16_s256_user__optimized__rep1,/data/grizos/Scale-Sim-SPM/benchmarks/results_new/logs/optimized/resnet50__grid_a16_s256_user__optimized__rep1.log,1.24.4,wil,3.8.10,x86_64,2026-09-24T22:27:46.822143+00:00
main_grid,resnet50,grid_a32_s16_user,vanilla,1,32,16,USER,ws,0,10000000,20000000,40,7200.212,,timeout,True,,,,/data/grizos/SCALE-Sim/topologies/mlperf/Resnet50.csv,/data/grizos/Scale-Sim-SPM/benchmarks/results_new/cfgs/resnet50__grid_a32_s16_user__vanilla__rep1.cfg,/data/grizos/Scale-Sim-SPM/benchmarks/results_new/runs/vanilla/resnet50__grid_a32_s16_user__vanilla__rep1,/data/grizos/Scale-Sim-SPM/benchmarks/results_new/logs/vanilla/resnet50__grid_a32_s16_user__vanilla__rep1.log,1.24.4,wil,3.8.10,x86_64,2026-09-25T00:27:48.630505+00:00
main_grid,resnet50,grid_a32_s16_user,optimized,1,32,16,USER,ws,0,10000000,20000000,40,5535.639,0,ok,False,1516248342,1516343093,54,/data/grizos/Scale-Sim-SPM/topologies/mlperf/Resnet50.csv,/data/grizos/Scale-Sim-SPM/benchmarks/results_new/cfgs/resnet50__grid_a32_s16_user__optimized__rep1.cfg,/data/grizos/Scale-Sim-SPM/benchmarks/results_new/runs/optimized/resnet50__grid_a32_s16_user__optimized__rep1,/data/grizos/Scale-Sim-SPM/benchmarks/results_new/logs/optimized/resnet50__grid_a32_s16_user__optimized__rep1.log,1.24.4,wil,3.8.10,x86_64,2026-09-25T02:00:05.898572+00:00
main_grid,resnet50,grid_a32_s32_user,vanilla,1,32,32,USER,ws,0,10000000,20000000,40,7200.273,,timeout,True,,,,/data/grizos/SCALE-Sim/topologies/mlperf/Resnet50.csv,/data/grizos/Scale-Sim-SPM/benchmarks/results_new/cfgs/resnet50__grid_a32_s32_user__vanilla__rep1.cfg,/data/grizos/Scale-Sim-SPM/benchmarks/results_new/runs/vanilla/resnet50__grid_a32_s32_user__vanilla__rep1,/data/grizos/Scale-Sim-SPM/benchmarks/results_new/logs/vanilla/resnet50__grid_a32_s32_user__vanilla__rep1.log,1.24.4,wil,3.8.10,x86_64,2026-09-25T04:00:11.993717+00:00
main_grid,resnet50,grid_a32_s32_user,optimized,1,32,32,USER,ws,0,10000000,20000000,40,4652.553,0,ok,False,1294204861,1294405878,54,/data/grizos/Scale-Sim-SPM/topologies/mlperf/Resnet50.csv,/data/grizos/Scale-Sim-SPM/benchmarks/results_new/cfgs/resnet50__grid_a32_s32_user__optimized__rep1.cfg,/data/grizos/Scale-Sim-SPM/benchmarks/results_new/runs/optimized/resnet50__grid_a32_s32_user__optimized__rep1,/data/grizos/Scale-Sim-SPM/benchmarks/results_new/logs/optimized/resnet50__grid_a32_s32_user__optimized__rep1.log,1.24.4,wil,3.8.10,x86_64,2026-09-25T05:17:45.512470+00:00
main_grid,resnet50,grid_a32_s64_user,vanilla,1,32,64,USER,ws,0,10000000,20000000,40,7200.154,,timeout,True,,,,/data/grizos/SCALE-Sim/topologies/mlperf/Resnet50.csv,/data/grizos/Scale-Sim-SPM/benchmarks/results_new/cfgs/resnet50__grid_a32_s64_user__vanilla__rep1.cfg,/data/grizos/Scale-Sim-SPM/benchmarks/results_new/runs/vanilla/resnet50__grid_a32_s64_user__vanilla__rep1,/data/grizos/Scale-Sim-SPM/benchmarks/results_new/logs/vanilla/resnet50__grid_a32_s64_user__vanilla__rep1.log,1.24.4,wil,3.8.10,x86_64,2026-09-25T07:17:52.202953+00:00
main_grid,resnet50,grid_a32_s64_user,optimized,1,32,64,USER,ws,0,10000000,20000000,40,2737.037,0,ok,False,713992992,714412266,54,/data/grizos/Scale-Sim-SPM/topologies/mlperf/Resnet50.csv,/data/grizos/Scale-Sim-SPM/benchmarks/results_new/cfgs/resnet50__grid_a32_s64_user__optimized__rep1.cfg,/data/grizos/Scale-Sim-SPM/benchmarks/results_new/runs/optimized/resnet50__grid_a32_s64_user__optimized__rep1,/data/grizos/Scale-Sim-SPM/benchmarks/results_new/logs/optimized/resnet50__grid_a32_s64_user__optimized__rep1.log,1.24.4,wil,3.8.10,x86_64,2026-09-25T08:03:29.820141+00:00
main_grid,resnet50,grid_a32_s128_user,vanilla,1,32,128,USER,ws,0,10000000,20000000,40,2871.154,0,ok,False,99931527,100722092,54,/data/grizos/SCALE-Sim/topologies/mlperf/Resnet50.csv,/data/grizos/Scale-Sim-SPM/benchmarks/results_new/cfgs/resnet50__grid_a32_s128_user__vanilla__rep1.cfg,/data/grizos/Scale-Sim-SPM/benchmarks/results_new/runs/vanilla/resnet50__grid_a32_s128_user__vanilla__rep1,/data/grizos/Scale-Sim-SPM/benchmarks/results_new/logs/vanilla/resnet50__grid_a32_s128_user__vanilla__rep1.log,1.24.4,wil,3.8.10,x86_64,2026-09-25T08:51:28.948210+00:00
main_grid,resnet50,grid_a32_s128_user,optimized,1,32,128,USER,ws,0,10000000,20000000,40,815.386,0,ok,False,99931527,100722092,54,/data/grizos/Scale-Sim-SPM/topologies/mlperf/Resnet50.csv,/data/grizos/Scale-Sim-SPM/benchmarks/results_new/cfgs/resnet50__grid_a32_s128_user__optimized__rep1.cfg,/data/grizos/Scale-Sim-SPM/benchmarks/results_new/runs/optimized/resnet50__grid_a32_s128_user__optimized__rep1,/data/grizos/Scale-Sim-SPM/benchmarks/results_new/logs/optimized/resnet50__grid_a32_s128_user__optimized__rep1.log,1.24.4,wil,3.8.10,x86_64,2026-09-25T09:05:06.095781+00:00
main_grid,resnet50,grid_a32_s256_user,vanilla,1,32,256,USER,ws,0,10000000,20000000,40,1243.798,0,ok,False,56866159,58416118,54,/data/grizos/SCALE-Sim/topologies/mlperf/Resnet50.csv,/data/grizos/Scale-Sim-SPM/benchmarks/results_new/cfgs/resnet50__grid_a32_s256_user__vanilla__rep1.cfg,/data/grizos/Scale-Sim-SPM/benchmarks/results_new/runs/vanilla/resnet50__grid_a32_s256_user__vanilla__rep1,/data/grizos/Scale-Sim-SPM/benchmarks/results_new/logs/vanilla/resnet50__grid_a32_s256_user__vanilla__rep1.log,1.24.4,wil,3.8.10,x86_64,2026-09-25T09:25:51.372697+00:00
main_grid,resnet50,grid_a32_s256_user,optimized,1,32,256,USER,ws,0,10000000,20000000,40,662.738,0,ok,False,56866159,58416118,54,/data/grizos/Scale-Sim-SPM/topologies/mlperf/Resnet50.csv,/data/grizos/Scale-Sim-SPM/benchmarks/results_new/cfgs/resnet50__grid_a32_s256_user__optimized__rep1.cfg,/data/grizos/Scale-Sim-SPM/benchmarks/results_new/runs/optimized/resnet50__grid_a32_s256_user__optimized__rep1,/data/grizos/Scale-Sim-SPM/benchmarks/results_new/logs/optimized/resnet50__grid_a32_s256_user__optimized__rep1.log,1.24.4,wil,3.8.10,x86_64,2026-09-25T09:36:55.291099+00:00
main_grid,resnet50,grid_a64_s16_user,vanilla,1,64,16,USER,ws,0,10000000,20000000,40,7200.111,,timeout,True,,,,/data/grizos/SCALE-Sim/topologies/mlperf/Resnet50.csv,/data/grizos/Scale-Sim-SPM/benchmarks/results_new/cfgs/resnet50__grid_a64_s16_user__vanilla__rep1.cfg,/data/grizos/Scale-Sim-SPM/benchmarks/results_new/runs/vanilla/resnet50__grid_a64_s16_user__vanilla__rep1,/data/grizos/Scale-Sim-SPM/benchmarks/results_new/logs/vanilla/resnet50__grid_a64_s16_user__vanilla__rep1.log,1.24.4,wil,3.8.10,x86_64,2026-09-25T11:36:56.589208+00:00
main_grid,resnet50,grid_a64_s16_user,optimized,1,64,16,USER,ws,0,10000000,20000000,40,2071.15,0,ok,False,552477889,552589214,54,/data/grizos/Scale-Sim-SPM/topologies/mlperf/Resnet50.csv,/data/grizos/Scale-Sim-SPM/benchmarks/results_new/cfgs/resnet50__grid_a64_s16_user__optimized__rep1.cfg,/data/grizos/Scale-Sim-SPM/benchmarks/results_new/runs/optimized/resnet50__grid_a64_s16_user__optimized__rep1,/data/grizos/Scale-Sim-SPM/benchmarks/results_new/logs/optimized/resnet50__grid_a64_s16_user__optimized__rep1.log,1.24.4,wil,3.8.10,x86_64,2026-09-25T12:11:28.803376+00:00
main_grid,resnet50,grid_a64_s32_user,vanilla,1,64,32,USER,ws,0,10000000,20000000,40,7200.28,,timeout,True,,,,/data/grizos/SCALE-Sim/topologies/mlperf/Resnet50.csv,/data/grizos/Scale-Sim-SPM/benchmarks/results_new/cfgs/resnet50__grid_a64_s32_user__vanilla__rep1.cfg,/data/grizos/Scale-Sim-SPM/benchmarks/results_new/runs/vanilla/resnet50__grid_a64_s32_user__vanilla__rep1,/data/grizos/Scale-Sim-SPM/benchmarks/results_new/logs/vanilla/resnet50__grid_a64_s32_user__vanilla__rep1.log,1.24.4,wil,3.8.10,x86_64,2026-09-25T14:11:35.787796+00:00
main_grid,resnet50,grid_a64_s32_user,optimized,1,64,32,USER,ws,0,10000000,20000000,40,1394.169,0,ok,False,308359623,308569276,54,/data/grizos/Scale-Sim-SPM/topologies/mlperf/Resnet50.csv,/data/grizos/Scale-Sim-SPM/benchmarks/results_new/cfgs/resnet50__grid_a64_s32_user__optimized__rep1.cfg,/data/grizos/Scale-Sim-SPM/benchmarks/results_new/runs/optimized/resnet50__grid_a64_s32_user__optimized__rep1,/data/grizos/Scale-Sim-SPM/benchmarks/results_new/logs/optimized/resnet50__grid_a64_s32_user__optimized__rep1.log,1.24.4,wil,3.8.10,x86_64,2026-09-25T14:34:50.709261+00:00
main_grid,resnet50,grid_a64_s64_user,vanilla,1,64,64,USER,ws,0,10000000,20000000,40,7200.186,,timeout,True,,,,/data/grizos/SCALE-Sim/topologies/mlperf/Resnet50.csv,/data/grizos/Scale-Sim-SPM/benchmarks/results_new/cfgs/resnet50__grid_a64_s64_user__vanilla__rep1.cfg,/data/grizos/Scale-Sim-SPM/benchmarks/results_new/runs/vanilla/resnet50__grid_a64_s64_user__vanilla__rep1,/data/grizos/Scale-Sim-SPM/benchmarks/results_new/logs/vanilla/resnet50__grid_a64_s64_user__vanilla__rep1.log,1.24.4,wil,3.8.10,x86_64,2026-09-25T16:34:54.820339+00:00
main_grid,resnet50,grid_a64_s64_user,optimized,1,64,64,USER,ws,0,10000000,20000000,40,919.499,0,ok,False,166533857,166928697,54,/data/grizos/Scale-Sim-SPM/topologies/mlperf/Resnet50.csv,/data/grizos/Scale-Sim-SPM/benchmarks/results_new/cfgs/resnet50__grid_a64_s64_user__optimized__rep1.cfg,/data/grizos/Scale-Sim-SPM/benchmarks/results_new/runs/optimized/resnet50__grid_a64_s64_user__optimized__rep1,/data/grizos/Scale-Sim-SPM/benchmarks/results_new/logs/optimized/resnet50__grid_a64_s64_user__optimized__rep1.log,1.24.4,wil,3.8.10,x86_64,2026-09-25T16:50:15.319071+00:00
main_grid,resnet50,grid_a64_s128_user,vanilla,1,64,128,USER,ws,0,10000000,20000000,40,2421.414,0,ok,False,92817802,93579892,54,/data/grizos/SCALE-Sim/topologies/mlperf/Resnet50.csv,/data/grizos/Scale-Sim-SPM/benchmarks/results_new/cfgs/resnet50__grid_a64_s128_user__vanilla__rep1.cfg,/data/grizos/Scale-Sim-SPM/benchmarks/results_new/runs/vanilla/resnet50__grid_a64_s128_user__vanilla__rep1,/data/grizos/Scale-Sim-SPM/benchmarks/results_new/logs/vanilla/resnet50__grid_a64_s128_user__vanilla__rep1.log,1.24.4,wil,3.8.10,x86_64,2026-09-25T17:30:39.148978+00:00
main_grid,resnet50,grid_a64_s128_user,optimized,1,64,128,USER,ws,0,10000000,20000000,40,607.302,0,ok,False,92817802,93579892,54,/data/grizos/Scale-Sim-SPM/topologies/mlperf/Resnet50.csv,/data/grizos/Scale-Sim-SPM/benchmarks/results_new/cfgs/resnet50__grid_a64_s128_user__optimized__rep1.cfg,/data/grizos/Scale-Sim-SPM/benchmarks/results_new/runs/optimized/resnet50__grid_a64_s128_user__optimized__rep1,/data/grizos/Scale-Sim-SPM/benchmarks/results_new/logs/optimized/resnet50__grid_a64_s128_user__optimized__rep1.log,1.24.4,wil,3.8.10,x86_64,2026-09-25T17:40:47.895078+00:00
main_grid,resnet50,grid_a64_s256_user,vanilla,1,64,256,USER,ws,0,10000000,20000000,40,838.669,0,ok,False,51992595,53522932,54,/data/grizos/SCALE-Sim/topologies/mlperf/Resnet50.csv,/data/grizos/Scale-Sim-SPM/benchmarks/results_new/cfgs/resnet50__grid_a64_s256_user__vanilla__rep1.cfg,/data/grizos/Scale-Sim-SPM/benchmarks/results_new/runs/vanilla/resnet50__grid_a64_s256_user__vanilla__rep1,/data/grizos/Scale-Sim-SPM/benchmarks/results_new/logs/vanilla/resnet50__grid_a64_s256_user__vanilla__rep1.log,1.24.4,wil,3.8.10,x86_64,2026-09-25T17:54:48.012512+00:00
main_grid,resnet50,grid_a64_s256_user,optimized,1,64,256,USER,ws,0,10000000,20000000,40,446.988,0,ok,False,51992595,53522932,54,/data/grizos/Scale-Sim-SPM/topologies/mlperf/Resnet50.csv,/data/grizos/Scale-Sim-SPM/benchmarks/results_new/cfgs/resnet50__grid_a64_s256_user__optimized__rep1.cfg,/data/grizos/Scale-Sim-SPM/benchmarks/results_new/runs/optimized/resnet50__grid_a64_s256_user__optimized__rep1,/data/grizos/Scale-Sim-SPM/benchmarks/results_new/logs/optimized/resnet50__grid_a64_s256_user__optimized__rep1.log,1.24.4,wil,3.8.10,x86_64,2026-09-25T18:02:15.911349+00:00
main_grid,resnet50,grid_a16_s64_calc,vanilla,1,16,64,CALC,ws,0,10000000,20000000,40,1658.55,0,ok,False,18216922,18495968,54,/data/grizos/SCALE-Sim/topologies/mlperf/Resnet50.csv,/data/grizos/Scale-Sim-SPM/benchmarks/results_new/cfgs/resnet50__grid_a16_s64_calc__vanilla__rep1.cfg,/data/grizos/Scale-Sim-SPM/benchmarks/results_new/runs/vanilla/resnet50__grid_a16_s64_calc__vanilla__rep1,/data/grizos/Scale-Sim-SPM/benchmarks/results_new/logs/vanilla/resnet50__grid_a16_s64_calc__vanilla__rep1.log,1.24.4,wil,3.8.10,x86_64,2026-09-25T18:29:55.360617+00:00
main_grid,resnet50,grid_a16_s64_calc,optimized,1,16,64,CALC,ws,0,10000000,20000000,40,1009.295,0,ok,False,18216922,18495968,54,/data/grizos/Scale-Sim-SPM/topologies/mlperf/Resnet50.csv,/data/grizos/Scale-Sim-SPM/benchmarks/results_new/cfgs/resnet50__grid_a16_s64_calc__optimized__rep1.cfg,/data/grizos/Scale-Sim-SPM/benchmarks/results_new/runs/optimized/resnet50__grid_a16_s64_calc__optimized__rep1,/data/grizos/Scale-Sim-SPM/benchmarks/results_new/logs/optimized/resnet50__grid_a16_s64_calc__optimized__rep1.log,1.24.4,wil,3.8.10,x86_64,2026-09-25T18:46:45.735868+00:00
main_grid,resnet50,grid_a64_s64_calc,vanilla,1,64,64,CALC,ws,0,10000000,20000000,40,337.247,0,ok,False,2043372,2234889,54,/data/grizos/SCALE-Sim/topologies/mlperf/Resnet50.csv,/data/grizos/Scale-Sim-SPM/benchmarks/results_new/cfgs/resnet50__grid_a64_s64_calc__vanilla__rep1.cfg,/data/grizos/Scale-Sim-SPM/benchmarks/results_new/runs/vanilla/resnet50__grid_a64_s64_calc__vanilla__rep1,/data/grizos/Scale-Sim-SPM/benchmarks/results_new/logs/vanilla/resnet50__grid_a64_s64_calc__vanilla__rep1.log,1.24.4,wil,3.8.10,x86_64,2026-09-25T18:52:24.070177+00:00
main_grid,resnet50,grid_a64_s64_calc,optimized,1,64,64,CALC,ws,0,10000000,20000000,40,211.318,0,ok,False,2043372,2234889,54,/data/grizos/Scale-Sim-SPM/topologies/mlperf/Resnet50.csv,/data/grizos/Scale-Sim-SPM/benchmarks/results_new/cfgs/resnet50__grid_a64_s64_calc__optimized__rep1.cfg,/data/grizos/Scale-Sim-SPM/benchmarks/results_new/runs/optimized/resnet50__grid_a64_s64_calc__optimized__rep1,/data/grizos/Scale-Sim-SPM/benchmarks/results_new/logs/optimized/resnet50__grid_a64_s64_calc__optimized__rep1.log,1.24.4,wil,3.8.10,x86_64,2026-09-25T18:55:55.743927+00:00
main_grid,resnet50,ctrl_offset_shift,vanilla,1,32,64,CALC,ws,5000000,15000000,25000000,40,689.476,0,ok,False,5753486,5979656,54,/data/grizos/SCALE-Sim/topologies/mlperf/Resnet50.csv,/data/grizos/Scale-Sim-SPM/benchmarks/results_new/cfgs/resnet50__ctrl_offset_shift__vanilla__rep1.cfg,/data/grizos/Scale-Sim-SPM/benchmarks/results_new/runs/vanilla/resnet50__ctrl_offset_shift__vanilla__rep1,/data/grizos/Scale-Sim-SPM/benchmarks/results_new/logs/vanilla/resnet50__ctrl_offset_shift__vanilla__rep1.log,1.24.4,wil,3.8.10,x86_64,2026-09-25T19:07:25.601714+00:00
main_grid,resnet50,ctrl_offset_shift,optimized,1,32,64,CALC,ws,5000000,15000000,25000000,40,422.155,0,ok,False,5753486,5979656,54,/data/grizos/Scale-Sim-SPM/topologies/mlperf/Resnet50.csv,/data/grizos/Scale-Sim-SPM/benchmarks/results_new/cfgs/resnet50__ctrl_offset_shift__optimized__rep1.cfg,/data/grizos/Scale-Sim-SPM/benchmarks/results_new/runs/optimized/resnet50__ctrl_offset_shift__optimized__rep1,/data/grizos/Scale-Sim-SPM/benchmarks/results_new/logs/optimized/resnet50__ctrl_offset_shift__optimized__rep1.log,1.24.4,wil,3.8.10,x86_64,2026-09-25T19:14:28.373147+00:00
main_grid,resnet50,ctrl_seed_alt,vanilla,1,32,64,CALC,ws,0,10000000,20000000,777,681.762,0,ok,False,5753486,5979656,54,/data/grizos/SCALE-Sim/topologies/mlperf/Resnet50.csv,/data/grizos/Scale-Sim-SPM/benchmarks/results_new/cfgs/resnet50__ctrl_seed_alt__vanilla__rep1.cfg,/data/grizos/Scale-Sim-SPM/benchmarks/results_new/runs/vanilla/resnet50__ctrl_seed_alt__vanilla__rep1,/data/grizos/Scale-Sim-SPM/benchmarks/results_new/logs/vanilla/resnet50__ctrl_seed_alt__vanilla__rep1.log,1.24.4,wil,3.8.10,x86_64,2026-09-25T19:25:50.774706+00:00
main_grid,resnet50,ctrl_seed_alt,optimized,1,32,64,CALC,ws,0,10000000,20000000,777,429.503,0,ok,False,5753486,5979656,54,/data/grizos/Scale-Sim-SPM/topologies/mlperf/Resnet50.csv,/data/grizos/Scale-Sim-SPM/benchmarks/results_new/cfgs/resnet50__ctrl_seed_alt__optimized__rep1.cfg,/data/grizos/Scale-Sim-SPM/benchmarks/results_new/runs/optimized/resnet50__ctrl_seed_alt__optimized__rep1,/data/grizos/Scale-Sim-SPM/benchmarks/results_new/logs/optimized/resnet50__ctrl_seed_alt__optimized__rep1.log,1.24.4,wil,3.8.10,x86_64,2026-09-25T19:33:00.868251+00:00
main_grid,vit_b,anchor,vanilla,1,32,64,CALC,ws,0,10000000,20000000,40,205.825,0,ok,False,1420995,1441745,5,/data/grizos/SCALE-Sim/topologies/ispass25_models/vit_b.csv,/data/grizos/Scale-Sim-SPM/benchmarks/results_new/cfgs/vit_b__anchor__vanilla__rep1.cfg,/data/grizos/Scale-Sim-SPM/benchmarks/results_new/runs/vanilla/vit_b__anchor__vanilla__rep1,/data/grizos/Scale-Sim-SPM/benchmarks/results_new/logs/vanilla/vit_b__anchor__vanilla__rep1.log,1.24.4,wil,3.8.10,x86_64,2026-09-25T19:36:27.292798+00:00
main_grid,vit_b,anchor,optimized,1,32,64,CALC,ws,0,10000000,20000000,40,111.667,0,ok,False,1420995,1441745,5,/data/grizos/Scale-Sim-SPM/topologies/ispass25_models/vit_b.csv,/data/grizos/Scale-Sim-SPM/benchmarks/results_new/cfgs/vit_b__anchor__optimized__rep1.cfg,/data/grizos/Scale-Sim-SPM/benchmarks/results_new/runs/optimized/vit_b__anchor__optimized__rep1,/data/grizos/Scale-Sim-SPM/benchmarks/results_new/logs/optimized/vit_b__anchor__optimized__rep1.log,1.24.4,wil,3.8.10,x86_64,2026-09-25T19:38:19.133867+00:00
main_grid,vit_b,grid_a16_s16_user,vanilla,1,16,16,USER,ws,0,10000000,20000000,40,7200.076,,timeout,True,,,,/data/grizos/SCALE-Sim/topologies/ispass25_models/vit_b.csv,/data/grizos/Scale-Sim-SPM/benchmarks/results_new/cfgs/vit_b__grid_a16_s16_user__vanilla__rep1.cfg,/data/grizos/Scale-Sim-SPM/benchmarks/results_new/runs/vanilla/vit_b__grid_a16_s16_user__vanilla__rep1,/data/grizos/Scale-Sim-SPM/benchmarks/results_new/logs/vanilla/vit_b__grid_a16_s16_user__vanilla__rep1.log,1.24.4,wil,3.8.10,x86_64,2026-09-25T21:38:19.381353+00:00
main_grid,vit_b,grid_a16_s16_user,optimized,1,16,16,USER,ws,0,10000000,20000000,40,702.767,0,ok,False,107406107,107415307,5,/data/grizos/Scale-Sim-SPM/topologies/ispass25_models/vit_b.csv,/data/grizos/Scale-Sim-SPM/benchmarks/results_new/cfgs/vit_b__grid_a16_s16_user__optimized__rep1.cfg,/data/grizos/Scale-Sim-SPM/benchmarks/results_new/runs/optimized/vit_b__grid_a16_s16_user__optimized__rep1,/data/grizos/Scale-Sim-SPM/benchmarks/results_new/logs/optimized/vit_b__grid_a16_s16_user__optimized__rep1.log,1.24.4,wil,3.8.10,x86_64,2026-09-25T21:50:02.195296+00:00
main_grid,vit_b,grid_a16_s32_user,vanilla,1,16,32,USER,ws,0,10000000,20000000,40,7200.082,,timeout,True,,,,/data/grizos/SCALE-Sim/topologies/ispass25_models/vit_b.csv,/data/grizos/Scale-Sim-SPM/benchmarks/results_new/cfgs/vit_b__grid_a16_s32_user__vanilla__rep1.cfg,/data/grizos/Scale-Sim-SPM/benchmarks/results_new/runs/vanilla/vit_b__grid_a16_s32_user__vanilla__rep1,/data/grizos/Scale-Sim-SPM/benchmarks/results_new/logs/vanilla/vit_b__grid_a16_s32_user__vanilla__rep1.log,1.24.4,wil,3.8.10,x86_64,2026-09-25T23:50:04.098625+00:00
main_grid,vit_b,grid_a16_s32_user,optimized,1,16,32,USER,ws,0,10000000,20000000,40,652.279,0,ok,False,106848827,106867395,5,/data/grizos/Scale-Sim-SPM/topologies/ispass25_models/vit_b.csv,/data/grizos/Scale-Sim-SPM/benchmarks/results_new/cfgs/vit_b__grid_a16_s32_user__optimized__rep1.cfg,/data/grizos/Scale-Sim-SPM/benchmarks/results_new/runs/optimized/vit_b__grid_a16_s32_user__optimized__rep1,/data/grizos/Scale-Sim-SPM/benchmarks/results_new/logs/optimized/vit_b__grid_a16_s32_user__optimized__rep1.log,1.24.4,wil,3.8.10,x86_64,2026-09-26T00:00:56.416726+00:00
main_grid,vit_b,grid_a16_s64_user,vanilla,1,16,64,USER,ws,0,10000000,20000000,40,7200.068,,timeout,True,,,,/data/grizos/SCALE-Sim/topologies/ispass25_models/vit_b.csv,/data/grizos/Scale-Sim-SPM/benchmarks/results_new/cfgs/vit_b__grid_a16_s64_user__vanilla__rep1.cfg,/data/grizos/Scale-Sim-SPM/benchmarks/results_new/runs/vanilla/vit_b__grid_a16_s64_user__vanilla__rep1,/data/grizos/Scale-Sim-SPM/benchmarks/results_new/logs/vanilla/vit_b__grid_a16_s64_user__vanilla__rep1.log,1.24.4,wil,3.8.10,x86_64,2026-09-26T02:00:58.175129+00:00
main_grid,vit_b,grid_a16_s64_user,optimized,1,16,64,USER,ws,0,10000000,20000000,40,975.887,0,ok,False,212745564,212780254,5,/data/grizos/Scale-Sim-SPM/topologies/ispass25_models/vit_b.csv,/data/grizos/Scale-Sim-SPM/benchmarks/results_new/cfgs/vit_b__grid_a16_s64_user__optimized__rep1.cfg,/data/grizos/Scale-Sim-SPM/benchmarks/results_new/runs/optimized/vit_b__grid_a16_s64_user__optimized__rep1,/data/grizos/Scale-Sim-SPM/benchmarks/results_new/logs/optimized/vit_b__grid_a16_s64_user__optimized__rep1.log,1.24.4,wil,3.8.10,x86_64,2026-09-26T02:17:14.100281+00:00
main_grid,vit_b,grid_a16_s128_user,vanilla,1,16,128,USER,ws,0,10000000,20000000,40,1599.373,0,ok,False,30843706,30920853,5,/data/grizos/SCALE-Sim/topologies/ispass25_models/vit_b.csv,/data/grizos/Scale-Sim-SPM/benchmarks/results_new/cfgs/vit_b__grid_a16_s128_user__vanilla__rep1.cfg,/data/grizos/Scale-Sim-SPM/benchmarks/results_new/runs/vanilla/vit_b__grid_a16_s128_user__vanilla__rep1,/data/grizos/Scale-Sim-SPM/benchmarks/results_new/logs/vanilla/vit_b__grid_a16_s128_user__vanilla__rep1.log,1.24.4,wil,3.8.10,x86_64,2026-09-26T02:43:56.393807+00:00
main_grid,vit_b,grid_a16_s128_user,optimized,1,16,128,USER,ws,0,10000000,20000000,40,388.16,0,ok,False,30843706,30920853,5,/data/grizos/Scale-Sim-SPM/topologies/ispass25_models/vit_b.csv,/data/grizos/Scale-Sim-SPM/benchmarks/results_new/cfgs/vit_b__grid_a16_s128_user__optimized__rep1.cfg,/data/grizos/Scale-Sim-SPM/benchmarks/results_new/runs/optimized/vit_b__grid_a16_s128_user__optimized__rep1,/data/grizos/Scale-Sim-SPM/benchmarks/results_new/logs/optimized/vit_b__grid_a16_s128_user__optimized__rep1.log,1.24.4,wil,3.8.10,x86_64,2026-09-26T02:50:25.264235+00:00
main_grid,vit_b,grid_a16_s256_user,vanilla,1,16,256,USER,ws,0,10000000,20000000,40,1222.775,0,ok,False,26657331,26779473,5,/data/grizos/SCALE-Sim/topologies/ispass25_models/vit_b.csv,/data/grizos/Scale-Sim-SPM/benchmarks/results_new/cfgs/vit_b__grid_a16_s256_user__vanilla__rep1.cfg,/data/grizos/Scale-Sim-SPM/benchmarks/results_new/runs/vanilla/vit_b__grid_a16_s256_user__vanilla__rep1,/data/grizos/Scale-Sim-SPM/benchmarks/results_new/logs/vanilla/vit_b__grid_a16_s256_user__vanilla__rep1.log,1.24.4,wil,3.8.10,x86_64,2026-09-26T03:10:48.761178+00:00
main_grid,vit_b,grid_a16_s256_user,optimized,1,16,256,USER,ws,0,10000000,20000000,40,386.258,0,ok,False,26657331,26779473,5,/data/grizos/Scale-Sim-SPM/topologies/ispass25_models/vit_b.csv,/data/grizos/Scale-Sim-SPM/benchmarks/results_new/cfgs/vit_b__grid_a16_s256_user__optimized__rep1.cfg,/data/grizos/Scale-Sim-SPM/benchmarks/results_new/runs/optimized/vit_b__grid_a16_s256_user__optimized__rep1,/data/grizos/Scale-Sim-SPM/benchmarks/results_new/logs/optimized/vit_b__grid_a16_s256_user__optimized__rep1.log,1.24.4,wil,3.8.10,x86_64,2026-09-26T03:17:15.657586+00:00
main_grid,vit_b,grid_a32_s16_user,vanilla,1,32,16,USER,ws,0,10000000,20000000,40,7200.044,,timeout,True,,,,/data/grizos/SCALE-Sim/topologies/ispass25_models/vit_b.csv,/data/grizos/Scale-Sim-SPM/benchmarks/results_new/cfgs/vit_b__grid_a32_s16_user__vanilla__rep1.cfg,/data/grizos/Scale-Sim-SPM/benchmarks/results_new/runs/vanilla/vit_b__grid_a32_s16_user__vanilla__rep1,/data/grizos/Scale-Sim-SPM/benchmarks/results_new/logs/vanilla/vit_b__grid_a32_s16_user__vanilla__rep1.log,1.24.4,wil,3.8.10,x86_64,2026-09-26T05:17:16.312525+00:00
main_grid,vit_b,grid_a32_s16_user,optimized,1,32,16,USER,ws,0,10000000,20000000,40,1625.927,0,ok,False,437794895,437805378,5,/data/grizos/Scale-Sim-SPM/topologies/ispass25_models/vit_b.csv,/data/grizos/Scale-Sim-SPM/benchmarks/results_new/cfgs/vit_b__grid_a32_s16_user__optimized__rep1.cfg,/data/grizos/Scale-Sim-SPM/benchmarks/results_new/runs/optimized/vit_b__grid_a32_s16_user__optimized__rep1,/data/grizos/Scale-Sim-SPM/benchmarks/results_new/logs/optimized/vit_b__grid_a32_s16_user__optimized__rep1.log,1.24.4,wil,3.8.10,x86_64,2026-09-26T05:44:22.277242+00:00
main_grid,vit_b,grid_a32_s32_user,vanilla,1,32,32,USER,ws,0,10000000,20000000,40,7200.056,,timeout,True,,,,/data/grizos/SCALE-Sim/topologies/ispass25_models/vit_b.csv,/data/grizos/Scale-Sim-SPM/benchmarks/results_new/cfgs/vit_b__grid_a32_s32_user__vanilla__rep1.cfg,/data/grizos/Scale-Sim-SPM/benchmarks/results_new/runs/vanilla/vit_b__grid_a32_s32_user__vanilla__rep1,/data/grizos/Scale-Sim-SPM/benchmarks/results_new/logs/vanilla/vit_b__grid_a32_s32_user__vanilla__rep1.log,1.24.4,wil,3.8.10,x86_64,2026-09-26T07:44:27.829610+00:00
main_grid,vit_b,grid_a32_s32_user,optimized,1,32,32,USER,ws,0,10000000,20000000,40,1539.203,0,ok,False,437065192,437084235,5,/data/grizos/Scale-Sim-SPM/topologies/ispass25_models/vit_b.csv,/data/grizos/Scale-Sim-SPM/benchmarks/results_new/cfgs/vit_b__grid_a32_s32_user__optimized__rep1.cfg,/data/grizos/Scale-Sim-SPM/benchmarks/results_new/runs/optimized/vit_b__grid_a32_s32_user__optimized__rep1,/data/grizos/Scale-Sim-SPM/benchmarks/results_new/logs/optimized/vit_b__grid_a32_s32_user__optimized__rep1.log,1.24.4,wil,3.8.10,x86_64,2026-09-26T08:10:07.066625+00:00
main_grid,vit_b,grid_a32_s64_user,vanilla,1,32,64,USER,ws,0,10000000,20000000,40,7200.034,,timeout,True,,,,/data/grizos/SCALE-Sim/topologies/ispass25_models/vit_b.csv,/data/grizos/Scale-Sim-SPM/benchmarks/results_new/cfgs/vit_b__grid_a32_s64_user__vanilla__rep1.cfg,/data/grizos/Scale-Sim-SPM/benchmarks/results_new/runs/vanilla/vit_b__grid_a32_s64_user__vanilla__rep1,/data/grizos/Scale-Sim-SPM/benchmarks/results_new/logs/vanilla/vit_b__grid_a32_s64_user__vanilla__rep1.log,1.24.4,wil,3.8.10,x86_64,2026-09-26T10:10:12.475316+00:00
main_grid,vit_b,grid_a32_s64_user,optimized,1,32,64,USER,ws,0,10000000,20000000,40,1188.209,0,ok,False,344135392,344170668,5,/data/grizos/Scale-Sim-SPM/topologies/ispass25_models/vit_b.csv,/data/grizos/Scale-Sim-SPM/benchmarks/results_new/cfgs/vit_b__grid_a32_s64_user__optimized__rep1.cfg,/data/grizos/Scale-Sim-SPM/benchmarks/results_new/runs/optimized/vit_b__grid_a32_s64_user__optimized__rep1,/data/grizos/Scale-Sim-SPM/benchmarks/results_new/logs/optimized/vit_b__grid_a32_s64_user__optimized__rep1.log,1.24.4,wil,3.8.10,x86_64,2026-09-26T10:30:00.712439+00:00
main_grid,vit_b,grid_a32_s128_user,vanilla,1,32,128,USER,ws,0,10000000,20000000,40,1207.105,0,ok,False,31974820,32046645,5,/data/grizos/SCALE-Sim/topologies/ispass25_models/vit_b.csv,/data/grizos/Scale-Sim-SPM/benchmarks/results_new/cfgs/vit_b__grid_a32_s128_user__vanilla__rep1.cfg,/data/grizos/Scale-Sim-SPM/benchmarks/results_new/runs/vanilla/vit_b__grid_a32_s128_user__vanilla__rep1,/data/grizos/Scale-Sim-SPM/benchmarks/results_new/logs/vanilla/vit_b__grid_a32_s128_user__vanilla__rep1.log,1.24.4,wil,3.8.10,x86_64,2026-09-26T10:50:11.462154+00:00
main_grid,vit_b,grid_a32_s128_user,optimized,1,32,128,USER,ws,0,10000000,20000000,40,230.425,0,ok,False,31974820,32046645,5,/data/grizos/Scale-Sim-SPM/topologies/ispass25_models/vit_b.csv,/data/grizos/Scale-Sim-SPM/benchmarks/results_new/cfgs/vit_b__grid_a32_s128_user__optimized__rep1.cfg,/data/grizos/Scale-Sim-SPM/benchmarks/results_new/runs/optimized/vit_b__grid_a32_s128_user__optimized__rep1,/data/grizos/Scale-Sim-SPM/benchmarks/results_new/logs/optimized/vit_b__grid_a32_s128_user__optimized__rep1.log,1.24.4,wil,3.8.10,x86_64,2026-09-26T10:54:02.494314+00:00
main_grid,vit_b,grid_a32_s256_user,vanilla,1,32,256,USER,ws,0,10000000,20000000,40,521.509,0,ok,False,17241575,17372931,5,/data/grizos/SCALE-Sim/topologies/ispass25_models/vit_b.csv,/data/grizos/Scale-Sim-SPM/benchmarks/results_new/cfgs/vit_b__grid_a32_s256_user__vanilla__rep1.cfg,/data/grizos/Scale-Sim-SPM/benchmarks/results_new/runs/vanilla/vit_b__grid_a32_s256_user__vanilla__rep1,/data/grizos/Scale-Sim-SPM/benchmarks/results_new/logs/vanilla/vit_b__grid_a32_s256_user__vanilla__rep1.log,1.24.4,wil,3.8.10,x86_64,2026-09-26T11:02:44.583577+00:00
main_grid,vit_b,grid_a32_s256_user,optimized,1,32,256,USER,ws,0,10000000,20000000,40,207.707,0,ok,False,17241575,17372931,5,/data/grizos/Scale-Sim-SPM/topologies/ispass25_models/vit_b.csv,/data/grizos/Scale-Sim-SPM/benchmarks/results_new/cfgs/vit_b__grid_a32_s256_user__optimized__rep1.cfg,/data/grizos/Scale-Sim-SPM/benchmarks/results_new/runs/optimized/vit_b__grid_a32_s256_user__optimized__rep1,/data/grizos/Scale-Sim-SPM/benchmarks/results_new/logs/optimized/vit_b__grid_a32_s256_user__optimized__rep1.log,1.24.4,wil,3.8.10,x86_64,2026-09-26T11:06:12.768735+00:00
main_grid,vit_b,grid_a64_s16_user,vanilla,1,64,16,USER,ws,0,10000000,20000000,40,7200.036,,timeout,True,,,,/data/grizos/SCALE-Sim/topologies/ispass25_models/vit_b.csv,/data/grizos/Scale-Sim-SPM/benchmarks/results_new/cfgs/vit_b__grid_a64_s16_user__vanilla__rep1.cfg,/data/grizos/Scale-Sim-SPM/benchmarks/results_new/runs/vanilla/vit_b__grid_a64_s16_user__vanilla__rep1,/data/grizos/Scale-Sim-SPM/benchmarks/results_new/logs/vanilla/vit_b__grid_a64_s16_user__vanilla__rep1.log,1.24.4,wil,3.8.10,x86_64,2026-09-26T13:06:13.271320+00:00
main_grid,vit_b,grid_a64_s16_user,optimized,1,64,16,USER,ws,0,10000000,20000000,40,736.179,0,ok,False,190010741,190020164,5,/data/grizos/Scale-Sim-SPM/topologies/ispass25_models/vit_b.csv,/data/grizos/Scale-Sim-SPM/benchmarks/results_new/cfgs/vit_b__grid_a64_s16_user__optimized__rep1.cfg,/data/grizos/Scale-Sim-SPM/benchmarks/results_new/runs/optimized/vit_b__grid_a64_s16_user__optimized__rep1,/data/grizos/Scale-Sim-SPM/benchmarks/results_new/logs/optimized/vit_b__grid_a64_s16_user__optimized__rep1.log,1.24.4,wil,3.8.10,x86_64,2026-09-26T13:18:29.491706+00:00
main_grid,vit_b,grid_a64_s32_user,vanilla,1,64,32,USER,ws,0,10000000,20000000,40,7200.033,,timeout,True,,,,/data/grizos/SCALE-Sim/topologies/ispass25_models/vit_b.csv,/data/grizos/Scale-Sim-SPM/benchmarks/results_new/cfgs/vit_b__grid_a64_s32_user__vanilla__rep1.cfg,/data/grizos/Scale-Sim-SPM/benchmarks/results_new/runs/vanilla/vit_b__grid_a64_s32_user__vanilla__rep1,/data/grizos/Scale-Sim-SPM/benchmarks/results_new/logs/vanilla/vit_b__grid_a64_s32_user__vanilla__rep1.log,1.24.4,wil,3.8.10,x86_64,2026-09-26T15:18:32.096746+00:00
main_grid,vit_b,grid_a64_s32_user,optimized,1,64,32,USER,ws,0,10000000,20000000,40,459.449,0,ok,False,106567106,106587523,5,/data/grizos/Scale-Sim-SPM/topologies/ispass25_models/vit_b.csv,/data/grizos/Scale-Sim-SPM/benchmarks/results_new/cfgs/vit_b__grid_a64_s32_user__optimized__rep1.cfg,/data/grizos/Scale-Sim-SPM/benchmarks/results_new/runs/optimized/vit_b__grid_a64_s32_user__optimized__rep1,/data/grizos/Scale-Sim-SPM/benchmarks/results_new/logs/optimized/vit_b__grid_a64_s32_user__optimized__rep1.log,1.24.4,wil,3.8.10,x86_64,2026-09-26T15:26:11.570859+00:00
main_grid,vit_b,grid_a64_s64_user,vanilla,1,64,64,USER,ws,0,10000000,20000000,40,5388.796,0,ok,False,55521399,55552874,5,/data/grizos/SCALE-Sim/topologies/ispass25_models/vit_b.csv,/data/grizos/Scale-Sim-SPM/benchmarks/results_new/cfgs/vit_b__grid_a64_s64_user__vanilla__rep1.cfg,/data/grizos/Scale-Sim-SPM/benchmarks/results_new/runs/vanilla/vit_b__grid_a64_s64_user__vanilla__rep1,/data/grizos/Scale-Sim-SPM/benchmarks/results_new/logs/vanilla/vit_b__grid_a64_s64_user__vanilla__rep1.log,1.24.4,wil,3.8.10,x86_64,2026-09-26T16:56:01.860446+00:00
main_grid,vit_b,grid_a64_s64_user,optimized,1,64,64,USER,ws,0,10000000,20000000,40,271.848,0,ok,False,55521399,55552874,5,/data/grizos/Scale-Sim-SPM/topologies/ispass25_models/vit_b.csv,/data/grizos/Scale-Sim-SPM/benchmarks/results_new/cfgs/vit_b__grid_a64_s64_user__optimized__rep1.cfg,/data/grizos/Scale-Sim-SPM/benchmarks/results_new/runs/optimized/vit_b__grid_a64_s64_user__optimized__rep1,/data/grizos/Scale-Sim-SPM/benchmarks/results_new/logs/optimized/vit_b__grid_a64_s64_user__optimized__rep1.log,1.24.4,wil,3.8.10,x86_64,2026-09-26T17:00:34.564127+00:00
main_grid,vit_b,grid_a64_s128_user,vanilla,1,64,128,USER,ws,0,10000000,20000000,40,1042.362,0,ok,False,31274136,31350258,5,/data/grizos/SCALE-Sim/topologies/ispass25_models/vit_b.csv,/data/grizos/Scale-Sim-SPM/benchmarks/results_new/cfgs/vit_b__grid_a64_s128_user__vanilla__rep1.cfg,/data/grizos/Scale-Sim-SPM/benchmarks/results_new/runs/vanilla/vit_b__grid_a64_s128_user__vanilla__rep1,/data/grizos/Scale-Sim-SPM/benchmarks/results_new/logs/vanilla/vit_b__grid_a64_s128_user__vanilla__rep1.log,1.24.4,wil,3.8.10,x86_64,2026-09-26T17:17:57.771076+00:00
main_grid,vit_b,grid_a64_s128_user,optimized,1,64,128,USER,ws,0,10000000,20000000,40,183.314,0,ok,False,31274136,31350258,5,/data/grizos/Scale-Sim-SPM/topologies/ispass25_models/vit_b.csv,/data/grizos/Scale-Sim-SPM/benchmarks/results_new/cfgs/vit_b__grid_a64_s128_user__optimized__rep1.cfg,/data/grizos/Scale-Sim-SPM/benchmarks/results_new/runs/optimized/vit_b__grid_a64_s128_user__optimized__rep1,/data/grizos/Scale-Sim-SPM/benchmarks/results_new/logs/optimized/vit_b__grid_a64_s128_user__optimized__rep1.log,1.24.4,wil,3.8.10,x86_64,2026-09-26T17:21:01.605033+00:00
main_grid,vit_b,grid_a64_s256_user,vanilla,1,64,256,USER,ws,0,10000000,20000000,40,306.832,0,ok,False,15380904,15497087,5,/data/grizos/SCALE-Sim/topologies/ispass25_models/vit_b.csv,/data/grizos/Scale-Sim-SPM/benchmarks/results_new/cfgs/vit_b__grid_a64_s256_user__vanilla__rep1.cfg,/data/grizos/Scale-Sim-SPM/benchmarks/results_new/runs/vanilla/vit_b__grid_a64_s256_user__vanilla__rep1,/data/grizos/Scale-Sim-SPM/benchmarks/results_new/logs/vanilla/vit_b__grid_a64_s256_user__vanilla__rep1.log,1.24.4,wil,3.8.10,x86_64,2026-09-26T17:26:08.975573+00:00
main_grid,vit_b,grid_a64_s256_user,optimized,1,64,256,USER,ws,0,10000000,20000000,40,137.004,0,ok,False,15380904,15497087,5,/data/grizos/Scale-Sim-SPM/topologies/ispass25_models/vit_b.csv,/data/grizos/Scale-Sim-SPM/benchmarks/results_new/cfgs/vit_b__grid_a64_s256_user__optimized__rep1.cfg,/data/grizos/Scale-Sim-SPM/benchmarks/results_new/runs/optimized/vit_b__grid_a64_s256_user__optimized__rep1,/data/grizos/Scale-Sim-SPM/benchmarks/results_new/logs/optimized/vit_b__grid_a64_s256_user__optimized__rep1.log,1.24.4,wil,3.8.10,x86_64,2026-09-26T17:28:26.316851+00:00
main_grid,vit_b,grid_a16_s64_calc,vanilla,1,16,64,CALC,ws,0,10000000,20000000,40,600.474,0,ok,False,4743195,4768018,5,/data/grizos/SCALE-Sim/topologies/ispass25_models/vit_b.csv,/data/grizos/Scale-Sim-SPM/benchmarks/results_new/cfgs/vit_b__grid_a16_s64_calc__vanilla__rep1.cfg,/data/grizos/Scale-Sim-SPM/benchmarks/results_new/runs/vanilla/vit_b__grid_a16_s64_calc__vanilla__rep1,/data/grizos/Scale-Sim-SPM/benchmarks/results_new/logs/vanilla/vit_b__grid_a16_s64_calc__vanilla__rep1.log,1.24.4,wil,3.8.10,x86_64,2026-09-26T17:38:27.137166+00:00
main_grid,vit_b,grid_a16_s64_calc,optimized,1,16,64,CALC,ws,0,10000000,20000000,40,270.159,0,ok,False,4743195,4768018,5,/data/grizos/Scale-Sim-SPM/topologies/ispass25_models/vit_b.csv,/data/grizos/Scale-Sim-SPM/benchmarks/results_new/cfgs/vit_b__grid_a16_s64_calc__optimized__rep1.cfg,/data/grizos/Scale-Sim-SPM/benchmarks/results_new/runs/optimized/vit_b__grid_a16_s64_calc__optimized__rep1,/data/grizos/Scale-Sim-SPM/benchmarks/results_new/logs/optimized/vit_b__grid_a16_s64_calc__optimized__rep1.log,1.24.4,wil,3.8.10,x86_64,2026-09-26T17:42:57.624274+00:00
main_grid,vit_b,grid_a64_s64_calc,vanilla,1,64,64,CALC,ws,0,10000000,20000000,40,94.174,0,ok,False,473231,491271,5,/data/grizos/SCALE-Sim/topologies/ispass25_models/vit_b.csv,/data/grizos/Scale-Sim-SPM/benchmarks/results_new/cfgs/vit_b__grid_a64_s64_calc__vanilla__rep1.cfg,/data/grizos/Scale-Sim-SPM/benchmarks/results_new/runs/vanilla/vit_b__grid_a64_s64_calc__vanilla__rep1,/data/grizos/Scale-Sim-SPM/benchmarks/results_new/logs/vanilla/vit_b__grid_a64_s64_calc__vanilla__rep1.log,1.24.4,wil,3.8.10,x86_64,2026-09-26T17:44:32.136473+00:00
main_grid,vit_b,grid_a64_s64_calc,optimized,1,64,64,CALC,ws,0,10000000,20000000,40,55.933,0,ok,False,473231,491271,5,/data/grizos/Scale-Sim-SPM/topologies/ispass25_models/vit_b.csv,/data/grizos/Scale-Sim-SPM/benchmarks/results_new/cfgs/vit_b__grid_a64_s64_calc__optimized__rep1.cfg,/data/grizos/Scale-Sim-SPM/benchmarks/results_new/runs/optimized/vit_b__grid_a64_s64_calc__optimized__rep1,/data/grizos/Scale-Sim-SPM/benchmarks/results_new/logs/optimized/vit_b__grid_a64_s64_calc__optimized__rep1.log,1.24.4,wil,3.8.10,x86_64,2026-09-26T17:45:28.174720+00:00
main_grid,vit_b,ctrl_offset_shift,vanilla,1,32,64,CALC,ws,5000000,15000000,25000000,40,205.934,0,ok,False,1420995,1441745,5,/data/grizos/SCALE-Sim/topologies/ispass25_models/vit_b.csv,/data/grizos/Scale-Sim-SPM/benchmarks/results_new/cfgs/vit_b__ctrl_offset_shift__vanilla__rep1.cfg,/data/grizos/Scale-Sim-SPM/benchmarks/results_new/runs/vanilla/vit_b__ctrl_offset_shift__vanilla__rep1,/data/grizos/Scale-Sim-SPM/benchmarks/results_new/logs/vanilla/vit_b__ctrl_offset_shift__vanilla__rep1.log,1.24.4,wil,3.8.10,x86_64,2026-09-26T17:48:54.211809+00:00
main_grid,vit_b,ctrl_offset_shift,optimized,1,32,64,CALC,ws,5000000,15000000,25000000,40,114.41,0,ok,False,1420995,1441745,5,/data/grizos/Scale-Sim-SPM/topologies/ispass25_models/vit_b.csv,/data/grizos/Scale-Sim-SPM/benchmarks/results_new/cfgs/vit_b__ctrl_offset_shift__optimized__rep1.cfg,/data/grizos/Scale-Sim-SPM/benchmarks/results_new/runs/optimized/vit_b__ctrl_offset_shift__optimized__rep1,/data/grizos/Scale-Sim-SPM/benchmarks/results_new/logs/optimized/vit_b__ctrl_offset_shift__optimized__rep1.log,1.24.4,wil,3.8.10,x86_64,2026-09-26T17:50:48.811171+00:00
main_grid,vit_b,ctrl_seed_alt,vanilla,1,32,64,CALC,ws,0,10000000,20000000,777,204.986,0,ok,False,1420995,1441745,5,/data/grizos/SCALE-Sim/topologies/ispass25_models/vit_b.csv,/data/grizos/Scale-Sim-SPM/benchmarks/results_new/cfgs/vit_b__ctrl_seed_alt__vanilla__rep1.cfg,/data/grizos/Scale-Sim-SPM/benchmarks/results_new/runs/vanilla/vit_b__ctrl_seed_alt__vanilla__rep1,/data/grizos/Scale-Sim-SPM/benchmarks/results_new/logs/vanilla/vit_b__ctrl_seed_alt__vanilla__rep1.log,1.24.4,wil,3.8.10,x86_64,2026-09-26T17:54:13.978614+00:00
main_grid,vit_b,ctrl_seed_alt,optimized,1,32,64,CALC,ws,0,10000000,20000000,777,111.524,0,ok,False,1420995,1441745,5,/data/grizos/Scale-Sim-SPM/topologies/ispass25_models/vit_b.csv,/data/grizos/Scale-Sim-SPM/benchmarks/results_new/cfgs/vit_b__ctrl_seed_alt__optimized__rep1.cfg,/data/grizos/Scale-Sim-SPM/benchmarks/results_new/runs/optimized/vit_b__ctrl_seed_alt__optimized__rep1,/data/grizos/Scale-Sim-SPM/benchmarks/results_new/logs/optimized/vit_b__ctrl_seed_alt__optimized__rep1.log,1.24.4,wil,3.8.10,x86_64,2026-09-26T17:56:05.674811+00:00
main_grid,dense_sparse,anchor,vanilla,1,32,64,CALC,ws,0,10000000,20000000,40,0.266,0,ok,False,190,322,2,/data/grizos/SCALE-Sim/topologies/sparsity/gemm.csv,/data/grizos/Scale-Sim-SPM/benchmarks/results_new/cfgs/dense_sparse__anchor__vanilla__rep1.cfg,/data/grizos/Scale-Sim-SPM/benchmarks/results_new/runs/vanilla/dense_sparse__anchor__vanilla__rep1,/data/grizos/Scale-Sim-SPM/benchmarks/results_new/logs/vanilla/dense_sparse__anchor__vanilla__rep1.log,1.24.4,wil,3.8.10,x86_64,2026-09-26T17:56:06.114217+00:00
main_grid,dense_sparse,anchor,optimized,1,32,64,CALC,ws,0,10000000,20000000,40,0.266,0,ok,False,190,322,2,/data/grizos/Scale-Sim-SPM/topologies/sparsity/gemm.csv,/data/grizos/Scale-Sim-SPM/benchmarks/results_new/cfgs/dense_sparse__anchor__optimized__rep1.cfg,/data/grizos/Scale-Sim-SPM/benchmarks/results_new/runs/optimized/dense_sparse__anchor__optimized__rep1,/data/grizos/Scale-Sim-SPM/benchmarks/results_new/logs/optimized/dense_sparse__anchor__optimized__rep1.log,1.24.4,wil,3.8.10,x86_64,2026-09-26T17:56:06.383052+00:00
main_grid,dense_sparse,grid_a16_s16_user,vanilla,1,16,16,USER,ws,0,10000000,20000000,40,0.216,0,ok,False,94,121,2,/data/grizos/SCALE-Sim/topologies/sparsity/gemm.csv,/data/grizos/Scale-Sim-SPM/benchmarks/results_new/cfgs/dense_sparse__grid_a16_s16_user__vanilla__rep1.cfg,/data/grizos/Scale-Sim-SPM/benchmarks/results_new/runs/vanilla/dense_sparse__grid_a16_s16_user__vanilla__rep1,/data/grizos/Scale-Sim-SPM/benchmarks/results_new/logs/vanilla/dense_sparse__grid_a16_s16_user__vanilla__rep1.log,1.24.4,wil,3.8.10,x86_64,2026-09-26T17:56:06.601855+00:00
main_grid,dense_sparse,grid_a16_s16_user,optimized,1,16,16,USER,ws,0,10000000,20000000,40,0.215,0,ok,False,94,121,2,/data/grizos/Scale-Sim-SPM/topologies/sparsity/gemm.csv,/data/grizos/Scale-Sim-SPM/benchmarks/results_new/cfgs/dense_sparse__grid_a16_s16_user__optimized__rep1.cfg,/data/grizos/Scale-Sim-SPM/benchmarks/results_new/runs/optimized/dense_sparse__grid_a16_s16_user__optimized__rep1,/data/grizos/Scale-Sim-SPM/benchmarks/results_new/logs/optimized/dense_sparse__grid_a16_s16_user__optimized__rep1.log,1.24.4,wil,3.8.10,x86_64,2026-09-26T17:56:06.819954+00:00
main_grid,dense_sparse,grid_a16_s32_user,vanilla,1,16,32,USER,ws,0,10000000,20000000,40,0.216,0,ok,False,94,121,2,/data/grizos/SCALE-Sim/topologies/sparsity/gemm.csv,/data/grizos/Scale-Sim-SPM/benchmarks/results_new/cfgs/dense_sparse__grid_a16_s32_user__vanilla__rep1.cfg,/data/grizos/Scale-Sim-SPM/benchmarks/results_new/runs/vanilla/dense_sparse__grid_a16_s32_user__vanilla__rep1,/data/grizos/Scale-Sim-SPM/benchmarks/results_new/logs/vanilla/dense_sparse__grid_a16_s32_user__vanilla__rep1.log,1.24.4,wil,3.8.10,x86_64,2026-09-26T17:56:07.038633+00:00
main_grid,dense_sparse,grid_a16_s32_user,optimized,1,16,32,USER,ws,0,10000000,20000000,40,0.216,0,ok,False,94,121,2,/data/grizos/Scale-Sim-SPM/topologies/sparsity/gemm.csv,/data/grizos/Scale-Sim-SPM/benchmarks/results_new/cfgs/dense_sparse__grid_a16_s32_user__optimized__rep1.cfg,/data/grizos/Scale-Sim-SPM/benchmarks/results_new/runs/optimized/dense_sparse__grid_a16_s32_user__optimized__rep1,/data/grizos/Scale-Sim-SPM/benchmarks/results_new/logs/optimized/dense_sparse__grid_a16_s32_user__optimized__rep1.log,1.24.4,wil,3.8.10,x86_64,2026-09-26T17:56:07.257544+00:00
main_grid,dense_sparse,grid_a16_s64_user,vanilla,1,16,64,USER,ws,0,10000000,20000000,40,0.266,0,ok,False,94,121,2,/data/grizos/SCALE-Sim/topologies/sparsity/gemm.csv,/data/grizos/Scale-Sim-SPM/benchmarks/results_new/cfgs/dense_sparse__grid_a16_s64_user__vanilla__rep1.cfg,/data/grizos/Scale-Sim-SPM/benchmarks/results_new/runs/vanilla/dense_sparse__grid_a16_s64_user__vanilla__rep1,/data/grizos/Scale-Sim-SPM/benchmarks/results_new/logs/vanilla/dense_sparse__grid_a16_s64_user__vanilla__rep1.log,1.24.4,wil,3.8.10,x86_64,2026-09-26T17:56:07.526525+00:00
main_grid,dense_sparse,grid_a16_s64_user,optimized,1,16,64,USER,ws,0,10000000,20000000,40,0.266,0,ok,False,94,121,2,/data/grizos/Scale-Sim-SPM/topologies/sparsity/gemm.csv,/data/grizos/Scale-Sim-SPM/benchmarks/results_new/cfgs/dense_sparse__grid_a16_s64_user__optimized__rep1.cfg,/data/grizos/Scale-Sim-SPM/benchmarks/results_new/runs/optimized/dense_sparse__grid_a16_s64_user__optimized__rep1,/data/grizos/Scale-Sim-SPM/benchmarks/results_new/logs/optimized/dense_sparse__grid_a16_s64_user__optimized__rep1.log,1.24.4,wil,3.8.10,x86_64,2026-09-26T17:56:07.795695+00:00
main_grid,dense_sparse,grid_a16_s128_user,vanilla,1,16,128,USER,ws,0,10000000,20000000,40,0.216,0,ok,False,94,121,2,/data/grizos/SCALE-Sim/topologies/sparsity/gemm.csv,/data/grizos/Scale-Sim-SPM/benchmarks/results_new/cfgs/dense_sparse__grid_a16_s128_user__vanilla__rep1.cfg,/data/grizos/Scale-Sim-SPM/benchmarks/results_new/runs/vanilla/dense_sparse__grid_a16_s128_user__vanilla__rep1,/data/grizos/Scale-Sim-SPM/benchmarks/results_new/logs/vanilla/dense_sparse__grid_a16_s128_user__vanilla__rep1.log,1.24.4,wil,3.8.10,x86_64,2026-09-26T17:56:08.014446+00:00
main_grid,dense_sparse,grid_a16_s128_user,optimized,1,16,128,USER,ws,0,10000000,20000000,40,0.215,0,ok,False,94,121,2,/data/grizos/Scale-Sim-SPM/topologies/sparsity/gemm.csv,/data/grizos/Scale-Sim-SPM/benchmarks/results_new/cfgs/dense_sparse__grid_a16_s128_user__optimized__rep1.cfg,/data/grizos/Scale-Sim-SPM/benchmarks/results_new/runs/optimized/dense_sparse__grid_a16_s128_user__optimized__rep1,/data/grizos/Scale-Sim-SPM/benchmarks/results_new/logs/optimized/dense_sparse__grid_a16_s128_user__optimized__rep1.log,1.24.4,wil,3.8.10,x86_64,2026-09-26T17:56:08.231279+00:00
main_grid,dense_sparse,grid_a16_s256_user,vanilla,1,16,256,USER,ws,0,10000000,20000000,40,0.266,0,ok,False,94,121,2,/data/grizos/SCALE-Sim/topologies/sparsity/gemm.csv,/data/grizos/Scale-Sim-SPM/benchmarks/results_new/cfgs/dense_sparse__grid_a16_s256_user__vanilla__rep1.cfg,/data/grizos/Scale-Sim-SPM/benchmarks/results_new/runs/vanilla/dense_sparse__grid_a16_s256_user__vanilla__rep1,/data/grizos/Scale-Sim-SPM/benchmarks/results_new/logs/vanilla/dense_sparse__grid_a16_s256_user__vanilla__rep1.log,1.24.4,wil,3.8.10,x86_64,2026-09-26T17:56:08.500207+00:00
main_grid,dense_sparse,grid_a16_s256_user,optimized,1,16,256,USER,ws,0,10000000,20000000,40,0.266,0,ok,False,94,121,2,/data/grizos/Scale-Sim-SPM/topologies/sparsity/gemm.csv,/data/grizos/Scale-Sim-SPM/benchmarks/results_new/cfgs/dense_sparse__grid_a16_s256_user__optimized__rep1.cfg,/data/grizos/Scale-Sim-SPM/benchmarks/results_new/runs/optimized/dense_sparse__grid_a16_s256_user__optimized__rep1,/data/grizos/Scale-Sim-SPM/benchmarks/results_new/logs/optimized/dense_sparse__grid_a16_s256_user__optimized__rep1.log,1.24.4,wil,3.8.10,x86_64,2026-09-26T17:56:08.769079+00:00
main_grid,dense_sparse,grid_a32_s16_user,vanilla,1,32,16,USER,ws,0,10000000,20000000,40,0.266,0,ok,False,190,243,2,/data/grizos/SCALE-Sim/topologies/sparsity/gemm.csv,/data/grizos/Scale-Sim-SPM/benchmarks/results_new/cfgs/dense_sparse__grid_a32_s16_user__vanilla__rep1.cfg,/data/grizos/Scale-Sim-SPM/benchmarks/results_new/runs/vanilla/dense_sparse__grid_a32_s16_user__vanilla__rep1,/data/grizos/Scale-Sim-SPM/benchmarks/results_new/logs/vanilla/dense_sparse__grid_a32_s16_user__vanilla__rep1.log,1.24.4,wil,3.8.10,x86_64,2026-09-26T17:56:09.037934+00:00
main_grid,dense_sparse,grid_a32_s16_user,optimized,1,32,16,USER,ws,0,10000000,20000000,40,0.266,0,ok,False,190,243,2,/data/grizos/Scale-Sim-SPM/topologies/sparsity/gemm.csv,/data/grizos/Scale-Sim-SPM/benchmarks/results_new/cfgs/dense_sparse__grid_a32_s16_user__optimized__rep1.cfg,/data/grizos/Scale-Sim-SPM/benchmarks/results_new/runs/optimized/dense_sparse__grid_a32_s16_user__optimized__rep1,/data/grizos/Scale-Sim-SPM/benchmarks/results_new/logs/optimized/dense_sparse__grid_a32_s16_user__optimized__rep1.log,1.24.4,wil,3.8.10,x86_64,2026-09-26T17:56:09.307143+00:00
main_grid,dense_sparse,grid_a32_s32_user,vanilla,1,32,32,USER,ws,0,10000000,20000000,40,0.266,0,ok,False,190,243,2,/data/grizos/SCALE-Sim/topologies/sparsity/gemm.csv,/data/grizos/Scale-Sim-SPM/benchmarks/results_new/cfgs/dense_sparse__grid_a32_s32_user__vanilla__rep1.cfg,/data/grizos/Scale-Sim-SPM/benchmarks/results_new/runs/vanilla/dense_sparse__grid_a32_s32_user__vanilla__rep1,/data/grizos/Scale-Sim-SPM/benchmarks/results_new/logs/vanilla/dense_sparse__grid_a32_s32_user__vanilla__rep1.log,1.24.4,wil,3.8.10,x86_64,2026-09-26T17:56:09.576033+00:00
main_grid,dense_sparse,grid_a32_s32_user,optimized,1,32,32,USER,ws,0,10000000,20000000,40,0.216,0,ok,False,190,243,2,/data/grizos/Scale-Sim-SPM/topologies/sparsity/gemm.csv,/data/grizos/Scale-Sim-SPM/benchmarks/results_new/cfgs/dense_sparse__grid_a32_s32_user__optimized__rep1.cfg,/data/grizos/Scale-Sim-SPM/benchmarks/results_new/runs/optimized/dense_sparse__grid_a32_s32_user__optimized__rep1,/data/grizos/Scale-Sim-SPM/benchmarks/results_new/logs/optimized/dense_sparse__grid_a32_s32_user__optimized__rep1.log,1.24.4,wil,3.8.10,x86_64,2026-09-26T17:56:09.794741+00:00
main_grid,dense_sparse,grid_a32_s64_user,vanilla,1,32,64,USER,ws,0,10000000,20000000,40,0.316,0,ok,False,190,243,2,/data/grizos/SCALE-Sim/topologies/sparsity/gemm.csv,/data/grizos/Scale-Sim-SPM/benchmarks/results_new/cfgs/dense_sparse__grid_a32_s64_user__vanilla__rep1.cfg,/data/grizos/Scale-Sim-SPM/benchmarks/results_new/runs/vanilla/dense_sparse__grid_a32_s64_user__vanilla__rep1,/data/grizos/Scale-Sim-SPM/benchmarks/results_new/logs/vanilla/dense_sparse__grid_a32_s64_user__vanilla__rep1.log,1.24.4,wil,3.8.10,x86_64,2026-09-26T17:56:10.113584+00:00
main_grid,dense_sparse,grid_a32_s64_user,optimized,1,32,64,USER,ws,0,10000000,20000000,40,0.266,0,ok,False,190,243,2,/data/grizos/Scale-Sim-SPM/topologies/sparsity/gemm.csv,/data/grizos/Scale-Sim-SPM/benchmarks/results_new/cfgs/dense_sparse__grid_a32_s64_user__optimized__rep1.cfg,/data/grizos/Scale-Sim-SPM/benchmarks/results_new/runs/optimized/dense_sparse__grid_a32_s64_user__optimized__rep1,/data/grizos/Scale-Sim-SPM/benchmarks/results_new/logs/optimized/dense_sparse__grid_a32_s64_user__optimized__rep1.log,1.24.4,wil,3.8.10,x86_64,2026-09-26T17:56:10.382548+00:00
main_grid,dense_sparse,grid_a32_s128_user,vanilla,1,32,128,USER,ws,0,10000000,20000000,40,0.266,0,ok,False,190,243,2,/data/grizos/SCALE-Sim/topologies/sparsity/gemm.csv,/data/grizos/Scale-Sim-SPM/benchmarks/results_new/cfgs/dense_sparse__grid_a32_s128_user__vanilla__rep1.cfg,/data/grizos/Scale-Sim-SPM/benchmarks/results_new/runs/vanilla/dense_sparse__grid_a32_s128_user__vanilla__rep1,/data/grizos/Scale-Sim-SPM/benchmarks/results_new/logs/vanilla/dense_sparse__grid_a32_s128_user__vanilla__rep1.log,1.24.4,wil,3.8.10,x86_64,2026-09-26T17:56:10.651275+00:00
main_grid,dense_sparse,grid_a32_s128_user,optimized,1,32,128,USER,ws,0,10000000,20000000,40,0.216,0,ok,False,190,243,2,/data/grizos/Scale-Sim-SPM/topologies/sparsity/gemm.csv,/data/grizos/Scale-Sim-SPM/benchmarks/results_new/cfgs/dense_sparse__grid_a32_s128_user__optimized__rep1.cfg,/data/grizos/Scale-Sim-SPM/benchmarks/results_new/runs/optimized/dense_sparse__grid_a32_s128_user__optimized__rep1,/data/grizos/Scale-Sim-SPM/benchmarks/results_new/logs/optimized/dense_sparse__grid_a32_s128_user__optimized__rep1.log,1.24.4,wil,3.8.10,x86_64,2026-09-26T17:56:10.869771+00:00
main_grid,dense_sparse,grid_a32_s256_user,vanilla,1,32,256,USER,ws,0,10000000,20000000,40,0.266,0,ok,False,190,243,2,/data/grizos/SCALE-Sim/topologies/sparsity/gemm.csv,/data/grizos/Scale-Sim-SPM/benchmarks/results_new/cfgs/dense_sparse__grid_a32_s256_user__vanilla__rep1.cfg,/data/grizos/Scale-Sim-SPM/benchmarks/results_new/runs/vanilla/dense_sparse__grid_a32_s256_user__vanilla__rep1,/data/grizos/Scale-Sim-SPM/benchmarks/results_new/logs/vanilla/dense_sparse__grid_a32_s256_user__vanilla__rep1.log,1.24.4,wil,3.8.10,x86_64,2026-09-26T17:56:11.138474+00:00
main_grid,dense_sparse,grid_a32_s256_user,optimized,1,32,256,USER,ws,0,10000000,20000000,40,0.266,0,ok,False,190,243,2,/data/grizos/Scale-Sim-SPM/topologies/sparsity/gemm.csv,/data/grizos/Scale-Sim-SPM/benchmarks/results_new/cfgs/dense_sparse__grid_a32_s256_user__optimized__rep1.cfg,/data/grizos/Scale-Sim-SPM/benchmarks/results_new/runs/optimized/dense_sparse__grid_a32_s256_user__optimized__rep1,/data/grizos/Scale-Sim-SPM/benchmarks/results_new/logs/optimized/dense_sparse__grid_a32_s256_user__optimized__rep1.log,1.24.4,wil,3.8.10,x86_64,2026-09-26T17:56:11.407700+00:00
main_grid,dense_sparse,grid_a64_s16_user,vanilla,1,64,16,USER,ws,0,10000000,20000000,40,0.316,0,ok,False,382,487,2,/data/grizos/SCALE-Sim/topologies/sparsity/gemm.csv,/data/grizos/Scale-Sim-SPM/benchmarks/results_new/cfgs/dense_sparse__grid_a64_s16_user__vanilla__rep1.cfg,/data/grizos/Scale-Sim-SPM/benchmarks/results_new/runs/vanilla/dense_sparse__grid_a64_s16_user__vanilla__rep1,/data/grizos/Scale-Sim-SPM/benchmarks/results_new/logs/vanilla/dense_sparse__grid_a64_s16_user__vanilla__rep1.log,1.24.4,wil,3.8.10,x86_64,2026-09-26T17:56:11.726495+00:00
main_grid,dense_sparse,grid_a64_s16_user,optimized,1,64,16,USER,ws,0,10000000,20000000,40,0.266,0,ok,False,382,487,2,/data/grizos/Scale-Sim-SPM/topologies/sparsity/gemm.csv,/data/grizos/Scale-Sim-SPM/benchmarks/results_new/cfgs/dense_sparse__grid_a64_s16_user__optimized__rep1.cfg,/data/grizos/Scale-Sim-SPM/benchmarks/results_new/runs/optimized/dense_sparse__grid_a64_s16_user__optimized__rep1,/data/grizos/Scale-Sim-SPM/benchmarks/results_new/logs/optimized/dense_sparse__grid_a64_s16_user__optimized__rep1.log,1.24.4,wil,3.8.10,x86_64,2026-09-26T17:56:11.995635+00:00
main_grid,dense_sparse,grid_a64_s32_user,vanilla,1,64,32,USER,ws,0,10000000,20000000,40,0.316,0,ok,False,382,487,2,/data/grizos/SCALE-Sim/topologies/sparsity/gemm.csv,/data/grizos/Scale-Sim-SPM/benchmarks/results_new/cfgs/dense_sparse__grid_a64_s32_user__vanilla__rep1.cfg,/data/grizos/Scale-Sim-SPM/benchmarks/results_new/runs/vanilla/dense_sparse__grid_a64_s32_user__vanilla__rep1,/data/grizos/Scale-Sim-SPM/benchmarks/results_new/logs/vanilla/dense_sparse__grid_a64_s32_user__vanilla__rep1.log,1.24.4,wil,3.8.10,x86_64,2026-09-26T17:56:12.314842+00:00
main_grid,dense_sparse,grid_a64_s32_user,optimized,1,64,32,USER,ws,0,10000000,20000000,40,0.316,0,ok,False,382,487,2,/data/grizos/Scale-Sim-SPM/topologies/sparsity/gemm.csv,/data/grizos/Scale-Sim-SPM/benchmarks/results_new/cfgs/dense_sparse__grid_a64_s32_user__optimized__rep1.cfg,/data/grizos/Scale-Sim-SPM/benchmarks/results_new/runs/optimized/dense_sparse__grid_a64_s32_user__optimized__rep1,/data/grizos/Scale-Sim-SPM/benchmarks/results_new/logs/optimized/dense_sparse__grid_a64_s32_user__optimized__rep1.log,1.24.4,wil,3.8.10,x86_64,2026-09-26T17:56:12.634259+00:00
main_grid,dense_sparse,grid_a64_s64_user,vanilla,1,64,64,USER,ws,0,10000000,20000000,40,0.316,0,ok,False,382,487,2,/data/grizos/SCALE-Sim/topologies/sparsity/gemm.csv,/data/grizos/Scale-Sim-SPM/benchmarks/results_new/cfgs/dense_sparse__grid_a64_s64_user__vanilla__rep1.cfg,/data/grizos/Scale-Sim-SPM/benchmarks/results_new/runs/vanilla/dense_sparse__grid_a64_s64_user__vanilla__rep1,/data/grizos/Scale-Sim-SPM/benchmarks/results_new/logs/vanilla/dense_sparse__grid_a64_s64_user__vanilla__rep1.log,1.24.4,wil,3.8.10,x86_64,2026-09-26T17:56:12.953830+00:00
main_grid,dense_sparse,grid_a64_s64_user,optimized,1,64,64,USER,ws,0,10000000,20000000,40,0.367,0,ok,False,382,487,2,/data/grizos/Scale-Sim-SPM/topologies/sparsity/gemm.csv,/data/grizos/Scale-Sim-SPM/benchmarks/results_new/cfgs/dense_sparse__grid_a64_s64_user__optimized__rep1.cfg,/data/grizos/Scale-Sim-SPM/benchmarks/results_new/runs/optimized/dense_sparse__grid_a64_s64_user__optimized__rep1,/data/grizos/Scale-Sim-SPM/benchmarks/results_new/logs/optimized/dense_sparse__grid_a64_s64_user__optimized__rep1.log,1.24.4,wil,3.8.10,x86_64,2026-09-26T17:56:13.323927+00:00
main_grid,dense_sparse,grid_a64_s128_user,vanilla,1,64,128,USER,ws,0,10000000,20000000,40,0.367,0,ok,False,382,487,2,/data/grizos/SCALE-Sim/topologies/sparsity/gemm.csv,/data/grizos/Scale-Sim-SPM/benchmarks/results_new/cfgs/dense_sparse__grid_a64_s128_user__vanilla__rep1.cfg,/data/grizos/Scale-Sim-SPM/benchmarks/results_new/runs/vanilla/dense_sparse__grid_a64_s128_user__vanilla__rep1,/data/grizos/Scale-Sim-SPM/benchmarks/results_new/logs/vanilla/dense_sparse__grid_a64_s128_user__vanilla__rep1.log,1.24.4,wil,3.8.10,x86_64,2026-09-26T17:56:13.694048+00:00
main_grid,dense_sparse,grid_a64_s128_user,optimized,1,64,128,USER,ws,0,10000000,20000000,40,0.317,0,ok,False,382,487,2,/data/grizos/Scale-Sim-SPM/topologies/sparsity/gemm.csv,/data/grizos/Scale-Sim-SPM/benchmarks/results_new/cfgs/dense_sparse__grid_a64_s128_user__optimized__rep1.cfg,/data/grizos/Scale-Sim-SPM/benchmarks/results_new/runs/optimized/dense_sparse__grid_a64_s128_user__optimized__rep1,/data/grizos/Scale-Sim-SPM/benchmarks/results_new/logs/optimized/dense_sparse__grid_a64_s128_user__optimized__rep1.log,1.24.4,wil,3.8.10,x86_64,2026-09-26T17:56:14.014081+00:00
main_grid,dense_sparse,grid_a64_s256_user,vanilla,1,64,256,USER,ws,0,10000000,20000000,40,0.317,0,ok,False,382,487,2,/data/grizos/SCALE-Sim/topologies/sparsity/gemm.csv,/data/grizos/Scale-Sim-SPM/benchmarks/results_new/cfgs/dense_sparse__grid_a64_s256_user__vanilla__rep1.cfg,/data/grizos/Scale-Sim-SPM/benchmarks/results_new/runs/vanilla/dense_sparse__grid_a64_s256_user__vanilla__rep1,/data/grizos/Scale-Sim-SPM/benchmarks/results_new/logs/vanilla/dense_sparse__grid_a64_s256_user__vanilla__rep1.log,1.24.4,wil,3.8.10,x86_64,2026-09-26T17:56:14.334062+00:00
main_grid,dense_sparse,grid_a64_s256_user,optimized,1,64,256,USER,ws,0,10000000,20000000,40,0.317,0,ok,False,382,487,2,/data/grizos/Scale-Sim-SPM/topologies/sparsity/gemm.csv,/data/grizos/Scale-Sim-SPM/benchmarks/results_new/cfgs/dense_sparse__grid_a64_s256_user__optimized__rep1.cfg,/data/grizos/Scale-Sim-SPM/benchmarks/results_new/runs/optimized/dense_sparse__grid_a64_s256_user__optimized__rep1,/data/grizos/Scale-Sim-SPM/benchmarks/results_new/logs/optimized/dense_sparse__grid_a64_s256_user__optimized__rep1.log,1.24.4,wil,3.8.10,x86_64,2026-09-26T17:56:14.654178+00:00
main_grid,dense_sparse,grid_a16_s64_calc,vanilla,1,16,64,CALC,ws,0,10000000,20000000,40,0.317,0,ok,False,94,226,2,/data/grizos/SCALE-Sim/topologies/sparsity/gemm.csv,/data/grizos/Scale-Sim-SPM/benchmarks/results_new/cfgs/dense_sparse__grid_a16_s64_calc__vanilla__rep1.cfg,/data/grizos/Scale-Sim-SPM/benchmarks/results_new/runs/vanilla/dense_sparse__grid_a16_s64_calc__vanilla__rep1,/data/grizos/Scale-Sim-SPM/benchmarks/results_new/logs/vanilla/dense_sparse__grid_a16_s64_calc__vanilla__rep1.log,1.24.4,wil,3.8.10,x86_64,2026-09-26T17:56:14.974197+00:00
main_grid,dense_sparse,grid_a16_s64_calc,optimized,1,16,64,CALC,ws,0,10000000,20000000,40,0.217,0,ok,False,94,226,2,/data/grizos/Scale-Sim-SPM/topologies/sparsity/gemm.csv,/data/grizos/Scale-Sim-SPM/benchmarks/results_new/cfgs/dense_sparse__grid_a16_s64_calc__optimized__rep1.cfg,/data/grizos/Scale-Sim-SPM/benchmarks/results_new/runs/optimized/dense_sparse__grid_a16_s64_calc__optimized__rep1,/data/grizos/Scale-Sim-SPM/benchmarks/results_new/logs/optimized/dense_sparse__grid_a16_s64_calc__optimized__rep1.log,1.24.4,wil,3.8.10,x86_64,2026-09-26T17:56:15.194344+00:00
main_grid,dense_sparse,grid_a64_s64_calc,vanilla,1,64,64,CALC,ws,0,10000000,20000000,40,0.316,0,ok,False,382,514,2,/data/grizos/SCALE-Sim/topologies/sparsity/gemm.csv,/data/grizos/Scale-Sim-SPM/benchmarks/results_new/cfgs/dense_sparse__grid_a64_s64_calc__vanilla__rep1.cfg,/data/grizos/Scale-Sim-SPM/benchmarks/results_new/runs/vanilla/dense_sparse__grid_a64_s64_calc__vanilla__rep1,/data/grizos/Scale-Sim-SPM/benchmarks/results_new/logs/vanilla/dense_sparse__grid_a64_s64_calc__vanilla__rep1.log,1.24.4,wil,3.8.10,x86_64,2026-09-26T17:56:15.513687+00:00
main_grid,dense_sparse,grid_a64_s64_calc,optimized,1,64,64,CALC,ws,0,10000000,20000000,40,0.317,0,ok,False,382,514,2,/data/grizos/Scale-Sim-SPM/topologies/sparsity/gemm.csv,/data/grizos/Scale-Sim-SPM/benchmarks/results_new/cfgs/dense_sparse__grid_a64_s64_calc__optimized__rep1.cfg,/data/grizos/Scale-Sim-SPM/benchmarks/results_new/runs/optimized/dense_sparse__grid_a64_s64_calc__optimized__rep1,/data/grizos/Scale-Sim-SPM/benchmarks/results_new/logs/optimized/dense_sparse__grid_a64_s64_calc__optimized__rep1.log,1.24.4,wil,3.8.10,x86_64,2026-09-26T17:56:15.833797+00:00
main_grid,dense_sparse,ctrl_offset_shift,vanilla,1,32,64,CALC,ws,5000000,15000000,25000000,40,0.317,0,ok,False,190,322,2,/data/grizos/SCALE-Sim/topologies/sparsity/gemm.csv,/data/grizos/Scale-Sim-SPM/benchmarks/results_new/cfgs/dense_sparse__ctrl_offset_shift__vanilla__rep1.cfg,/data/grizos/Scale-Sim-SPM/benchmarks/results_new/runs/vanilla/dense_sparse__ctrl_offset_shift__vanilla__rep1,/data/grizos/Scale-Sim-SPM/benchmarks/results_new/logs/vanilla/dense_sparse__ctrl_offset_shift__vanilla__rep1.log,1.24.4,wil,3.8.10,x86_64,2026-09-26T17:56:16.154026+00:00
main_grid,dense_sparse,ctrl_offset_shift,optimized,1,32,64,CALC,ws,5000000,15000000,25000000,40,0.266,0,ok,False,190,322,2,/data/grizos/Scale-Sim-SPM/topologies/sparsity/gemm.csv,/data/grizos/Scale-Sim-SPM/benchmarks/results_new/cfgs/dense_sparse__ctrl_offset_shift__optimized__rep1.cfg,/data/grizos/Scale-Sim-SPM/benchmarks/results_new/runs/optimized/dense_sparse__ctrl_offset_shift__optimized__rep1,/data/grizos/Scale-Sim-SPM/benchmarks/results_new/logs/optimized/dense_sparse__ctrl_offset_shift__optimized__rep1.log,1.24.4,wil,3.8.10,x86_64,2026-09-26T17:56:16.423800+00:00
main_grid,dense_sparse,ctrl_seed_alt,vanilla,1,32,64,CALC,ws,0,10000000,20000000,777,0.266,0,ok,False,190,322,2,/data/grizos/SCALE-Sim/topologies/sparsity/gemm.csv,/data/grizos/Scale-Sim-SPM/benchmarks/results_new/cfgs/dense_sparse__ctrl_seed_alt__vanilla__rep1.cfg,/data/grizos/Scale-Sim-SPM/benchmarks/results_new/runs/vanilla/dense_sparse__ctrl_seed_alt__vanilla__rep1,/data/grizos/Scale-Sim-SPM/benchmarks/results_new/logs/vanilla/dense_sparse__ctrl_seed_alt__vanilla__rep1.log,1.24.4,wil,3.8.10,x86_64,2026-09-26T17:56:16.693042+00:00
main_grid,dense_sparse,ctrl_seed_alt,optimized,1,32,64,CALC,ws,0,10000000,20000000,777,0.267,0,ok,False,190,322,2,/data/grizos/Scale-Sim-SPM/topologies/sparsity/gemm.csv,/data/grizos/Scale-Sim-SPM/benchmarks/results_new/cfgs/dense_sparse__ctrl_seed_alt__optimized__rep1.cfg,/data/grizos/Scale-Sim-SPM/benchmarks/results_new/runs/optimized/dense_sparse__ctrl_seed_alt__optimized__rep1,/data/grizos/Scale-Sim-SPM/benchmarks/results_new/logs/optimized/dense_sparse__ctrl_seed_alt__optimized__rep1.log,1.24.4,wil,3.8.10,x86_64,2026-09-26T17:56:16.962799+00:00
main_grid,vgg16,anchor,vanilla,1,32,64,CALC,ws,0,10000000,20000000,40,3916.943,0,ok,False,16353015,16408870,13,/data/grizos/SCALE-Sim/topologies/conv_nets/VGG16.csv,/data/grizos/Scale-Sim-SPM/benchmarks/results_new/cfgs/vgg16__anchor__vanilla__rep1.cfg,/data/grizos/Scale-Sim-SPM/benchmarks/results_new/runs/vanilla/vgg16__anchor__vanilla__rep1,/data/grizos/Scale-Sim-SPM/benchmarks/results_new/logs/vanilla/vgg16__anchor__vanilla__rep1.log,1.24.4,wil,3.8.10,x86_64,2026-09-26T19:01:33.909240+00:00
main_grid,vgg16,anchor,optimized,1,32,64,CALC,ws,0,10000000,20000000,40,1497.576,0,ok,False,16353015,16408870,13,/data/grizos/Scale-Sim-SPM/topologies/conv_nets/VGG16.csv,/data/grizos/Scale-Sim-SPM/benchmarks/results_new/cfgs/vgg16__anchor__optimized__rep1.cfg,/data/grizos/Scale-Sim-SPM/benchmarks/results_new/runs/optimized/vgg16__anchor__optimized__rep1,/data/grizos/Scale-Sim-SPM/benchmarks/results_new/logs/optimized/vgg16__anchor__optimized__rep1.log,1.24.4,wil,3.8.10,x86_64,2026-09-26T19:26:33.578121+00:00
main_grid,vgg16,grid_a16_s16_user,vanilla,1,16,16,USER,ws,0,10000000,20000000,40,7200.281,,timeout,True,,,,/data/grizos/SCALE-Sim/topologies/conv_nets/VGG16.csv,/data/grizos/Scale-Sim-SPM/benchmarks/results_new/cfgs/vgg16__grid_a16_s16_user__vanilla__rep1.cfg,/data/grizos/Scale-Sim-SPM/benchmarks/results_new/runs/vanilla/vgg16__grid_a16_s16_user__vanilla__rep1,/data/grizos/Scale-Sim-SPM/benchmarks/results_new/logs/vanilla/vgg16__grid_a16_s16_user__vanilla__rep1.log,1.24.4,wil,3.8.10,x86_64,2026-09-26T21:26:35.957225+00:00
main_grid,vgg16,grid_a16_s16_user,optimized,1,16,16,USER,ws,0,10000000,20000000,40,7202.813,,timeout,True,,,,/data/grizos/Scale-Sim-SPM/topologies/conv_nets/VGG16.csv,/data/grizos/Scale-Sim-SPM/benchmarks/results_new/cfgs/vgg16__grid_a16_s16_user__optimized__rep1.cfg,/data/grizos/Scale-Sim-SPM/benchmarks/results_new/runs/optimized/vgg16__grid_a16_s16_user__optimized__rep1,/data/grizos/Scale-Sim-SPM/benchmarks/results_new/logs/optimized/vgg16__grid_a16_s16_user__optimized__rep1.log,1.24.4,wil,3.8.10,x86_64,2026-09-26T23:26:38.813082+00:00
main_grid,vgg16,grid_a16_s32_user,vanilla,1,16,32,USER,ws,0,10000000,20000000,40,7200.504,,timeout,True,,,,/data/grizos/SCALE-Sim/topologies/conv_nets/VGG16.csv,/data/grizos/Scale-Sim-SPM/benchmarks/results_new/cfgs/vgg16__grid_a16_s32_user__vanilla__rep1.cfg,/data/grizos/Scale-Sim-SPM/benchmarks/results_new/runs/vanilla/vgg16__grid_a16_s32_user__vanilla__rep1,/data/grizos/Scale-Sim-SPM/benchmarks/results_new/logs/vanilla/vgg16__grid_a16_s32_user__vanilla__rep1.log,1.24.4,wil,3.8.10,x86_64,2026-09-27T01:26:42.817780+00:00
main_grid,vgg16,grid_a16_s32_user,optimized,1,16,32,USER,ws,0,10000000,20000000,40,6952.041,0,ok,False,562841508,562908181,13,/data/grizos/Scale-Sim-SPM/topologies/conv_nets/VGG16.csv,/data/grizos/Scale-Sim-SPM/benchmarks/results_new/cfgs/vgg16__grid_a16_s32_user__optimized__rep1.cfg,/data/grizos/Scale-Sim-SPM/benchmarks/results_new/runs/optimized/vgg16__grid_a16_s32_user__optimized__rep1,/data/grizos/Scale-Sim-SPM/benchmarks/results_new/logs/optimized/vgg16__grid_a16_s32_user__optimized__rep1.log,1.24.4,wil,3.8.10,x86_64,2026-09-27T03:22:35.734963+00:00
main_grid,vgg16,grid_a16_s64_user,vanilla,1,16,64,USER,ws,0,10000000,20000000,40,7200.373,,timeout,True,,,,/data/grizos/SCALE-Sim/topologies/conv_nets/VGG16.csv,/data/grizos/Scale-Sim-SPM/benchmarks/results_new/cfgs/vgg16__grid_a16_s64_user__vanilla__rep1.cfg,/data/grizos/Scale-Sim-SPM/benchmarks/results_new/runs/vanilla/vgg16__grid_a16_s64_user__vanilla__rep1,/data/grizos/Scale-Sim-SPM/benchmarks/results_new/logs/vanilla/vgg16__grid_a16_s64_user__vanilla__rep1.log,1.24.4,wil,3.8.10,x86_64,2026-09-27T05:22:40.760661+00:00
main_grid,vgg16,grid_a16_s64_user,optimized,1,16,64,USER,ws,0,10000000,20000000,40,6504.017,0,ok,False,663907321,664013782,13,/data/grizos/Scale-Sim-SPM/topologies/conv_nets/VGG16.csv,/data/grizos/Scale-Sim-SPM/benchmarks/results_new/cfgs/vgg16__grid_a16_s64_user__optimized__rep1.cfg,/data/grizos/Scale-Sim-SPM/benchmarks/results_new/runs/optimized/vgg16__grid_a16_s64_user__optimized__rep1,/data/grizos/Scale-Sim-SPM/benchmarks/results_new/logs/optimized/vgg16__grid_a16_s64_user__optimized__rep1.log,1.24.4,wil,3.8.10,x86_64,2026-09-27T07:11:05.640946+00:00
main_grid,vgg16,grid_a16_s128_user,vanilla,1,16,128,USER,ws,0,10000000,20000000,40,7200.451,,timeout,True,,,,/data/grizos/SCALE-Sim/topologies/conv_nets/VGG16.csv,/data/grizos/Scale-Sim-SPM/benchmarks/results_new/cfgs/vgg16__grid_a16_s128_user__vanilla__rep1.cfg,/data/grizos/Scale-Sim-SPM/benchmarks/results_new/runs/vanilla/vgg16__grid_a16_s128_user__vanilla__rep1,/data/grizos/Scale-Sim-SPM/benchmarks/results_new/logs/vanilla/vgg16__grid_a16_s128_user__vanilla__rep1.log,1.24.4,wil,3.8.10,x86_64,2026-09-27T09:11:11.894001+00:00
main_grid,vgg16,grid_a16_s128_user,optimized,1,16,128,USER,ws,0,10000000,20000000,40,4761.253,0,ok,False,179660746,179857148,13,/data/grizos/Scale-Sim-SPM/topologies/conv_nets/VGG16.csv,/data/grizos/Scale-Sim-SPM/benchmarks/results_new/cfgs/vgg16__grid_a16_s128_user__optimized__rep1.cfg,/data/grizos/Scale-Sim-SPM/benchmarks/results_new/runs/optimized/vgg16__grid_a16_s128_user__optimized__rep1,/data/grizos/Scale-Sim-SPM/benchmarks/results_new/logs/optimized/vgg16__grid_a16_s128_user__optimized__rep1.log,1.24.4,wil,3.8.10,x86_64,2026-09-27T10:30:34.757942+00:00
main_grid,vgg16,grid_a16_s256_user,vanilla,1,16,256,USER,ws,0,10000000,20000000,40,7200.401,,timeout,True,,,,/data/grizos/SCALE-Sim/topologies/conv_nets/VGG16.csv,/data/grizos/Scale-Sim-SPM/benchmarks/results_new/cfgs/vgg16__grid_a16_s256_user__vanilla__rep1.cfg,/data/grizos/Scale-Sim-SPM/benchmarks/results_new/runs/vanilla/vgg16__grid_a16_s256_user__vanilla__rep1,/data/grizos/Scale-Sim-SPM/benchmarks/results_new/logs/vanilla/vgg16__grid_a16_s256_user__vanilla__rep1.log,1.24.4,wil,3.8.10,x86_64,2026-09-27T12:30:41.003584+00:00
main_grid,vgg16,grid_a16_s256_user,optimized,1,16,256,USER,ws,0,10000000,20000000,40,4337.228,0,ok,False,132664800,133035338,13,/data/grizos/Scale-Sim-SPM/topologies/conv_nets/VGG16.csv,/data/grizos/Scale-Sim-SPM/benchmarks/results_new/cfgs/vgg16__grid_a16_s256_user__optimized__rep1.cfg,/data/grizos/Scale-Sim-SPM/benchmarks/results_new/runs/optimized/vgg16__grid_a16_s256_user__optimized__rep1,/data/grizos/Scale-Sim-SPM/benchmarks/results_new/logs/optimized/vgg16__grid_a16_s256_user__optimized__rep1.log,1.24.4,wil,3.8.10,x86_64,2026-09-27T13:42:59.863865+00:00
main_grid,vgg16,grid_a32_s16_user,vanilla,1,32,16,USER,ws,0,10000000,20000000,40,7200.243,,timeout,True,,,,/data/grizos/SCALE-Sim/topologies/conv_nets/VGG16.csv,/data/grizos/Scale-Sim-SPM/benchmarks/results_new/cfgs/vgg16__grid_a32_s16_user__vanilla__rep1.cfg,/data/grizos/Scale-Sim-SPM/benchmarks/results_new/runs/vanilla/vgg16__grid_a32_s16_user__vanilla__rep1,/data/grizos/Scale-Sim-SPM/benchmarks/results_new/logs/vanilla/vgg16__grid_a32_s16_user__vanilla__rep1.log,1.24.4,wil,3.8.10,x86_64,2026-09-27T15:43:05.049333+00:00
main_grid,vgg16,grid_a32_s16_user,optimized,1,32,16,USER,ws,0,10000000,20000000,40,7204.445,,timeout,True,,,,/data/grizos/Scale-Sim-SPM/topologies/conv_nets/VGG16.csv,/data/grizos/Scale-Sim-SPM/benchmarks/results_new/cfgs/vgg16__grid_a32_s16_user__optimized__rep1.cfg,/data/grizos/Scale-Sim-SPM/benchmarks/results_new/runs/optimized/vgg16__grid_a32_s16_user__optimized__rep1,/data/grizos/Scale-Sim-SPM/benchmarks/results_new/logs/optimized/vgg16__grid_a32_s16_user__optimized__rep1.log,1.24.4,wil,3.8.10,x86_64,2026-09-27T17:43:09.523350+00:00
main_grid,vgg16,grid_a32_s32_user,vanilla,1,32,32,USER,ws,0,10000000,20000000,40,7200.368,,timeout,True,,,,/data/grizos/SCALE-Sim/topologies/conv_nets/VGG16.csv,/data/grizos/Scale-Sim-SPM/benchmarks/results_new/cfgs/vgg16__grid_a32_s32_user__vanilla__rep1.cfg,/data/grizos/Scale-Sim-SPM/benchmarks/results_new/runs/vanilla/vgg16__grid_a32_s32_user__vanilla__rep1,/data/grizos/Scale-Sim-SPM/benchmarks/results_new/logs/vanilla/vgg16__grid_a32_s32_user__vanilla__rep1.log,1.24.4,wil,3.8.10,x86_64,2026-09-27T19:43:11.758690+00:00
main_grid,vgg16,grid_a32_s32_user,optimized,1,32,32,USER,ws,0,10000000,20000000,40,7203.299,,timeout,True,,,,/data/grizos/Scale-Sim-SPM/topologies/conv_nets/VGG16.csv,/data/grizos/Scale-Sim-SPM/benchmarks/results_new/cfgs/vgg16__grid_a32_s32_user__optimized__rep1.cfg,/data/grizos/Scale-Sim-SPM/benchmarks/results_new/runs/optimized/vgg16__grid_a32_s32_user__optimized__rep1,/data/grizos/Scale-Sim-SPM/benchmarks/results_new/logs/optimized/vgg16__grid_a32_s32_user__optimized__rep1.log,1.24.4,wil,3.8.10,x86_64,2026-09-27T21:43:15.765972+00:00
main_grid,vgg16,grid_a32_s64_user,vanilla,1,32,64,USER,ws,0,10000000,20000000,40,7200.336,,timeout,True,,,,/data/grizos/SCALE-Sim/topologies/conv_nets/VGG16.csv,/data/grizos/Scale-Sim-SPM/benchmarks/results_new/cfgs/vgg16__grid_a32_s64_user__vanilla__rep1.cfg,/data/grizos/Scale-Sim-SPM/benchmarks/results_new/runs/vanilla/vgg16__grid_a32_s64_user__vanilla__rep1,/data/grizos/Scale-Sim-SPM/benchmarks/results_new/logs/vanilla/vgg16__grid_a32_s64_user__vanilla__rep1.log,1.24.4,wil,3.8.10,x86_64,2026-09-27T23:43:18.080031+00:00
main_grid,vgg16,grid_a32_s64_user,optimized,1,32,64,USER,ws,0,10000000,20000000,40,4940.334,0,ok,False,948919204,949036952,13,/data/grizos/Scale-Sim-SPM/topologies/conv_nets/VGG16.csv,/data/grizos/Scale-Sim-SPM/benchmarks/results_new/cfgs/vgg16__grid_a32_s64_user__optimized__rep1.cfg,/data/grizos/Scale-Sim-SPM/benchmarks/results_new/runs/optimized/vgg16__grid_a32_s64_user__optimized__rep1,/data/grizos/Scale-Sim-SPM/benchmarks/results_new/logs/optimized/vgg16__grid_a32_s64_user__optimized__rep1.log,1.24.4,wil,3.8.10,x86_64,2026-09-28T01:05:40.112026+00:00
main_grid,vgg16,grid_a32_s128_user,vanilla,1,32,128,USER,ws,0,10000000,20000000,40,7200.503,,timeout,True,,,,/data/grizos/SCALE-Sim/topologies/conv_nets/VGG16.csv,/data/grizos/Scale-Sim-SPM/benchmarks/results_new/cfgs/vgg16__grid_a32_s128_user__vanilla__rep1.cfg,/data/grizos/Scale-Sim-SPM/benchmarks/results_new/runs/vanilla/vgg16__grid_a32_s128_user__vanilla__rep1,/data/grizos/Scale-Sim-SPM/benchmarks/results_new/logs/vanilla/vgg16__grid_a32_s128_user__vanilla__rep1.log,1.24.4,wil,3.8.10,x86_64,2026-09-28T03:05:48.136488+00:00
main_grid,vgg16,grid_a32_s128_user,optimized,1,32,128,USER,ws,0,10000000,20000000,40,2323.774,0,ok,False,136172997,136378328,13,/data/grizos/Scale-Sim-SPM/topologies/conv_nets/VGG16.csv,/data/grizos/Scale-Sim-SPM/benchmarks/results_new/cfgs/vgg16__grid_a32_s128_user__optimized__rep1.cfg,/data/grizos/Scale-Sim-SPM/benchmarks/results_new/runs/optimized/vgg16__grid_a32_s128_user__optimized__rep1,/data/grizos/Scale-Sim-SPM/benchmarks/results_new/logs/optimized/vgg16__grid_a32_s128_user__optimized__rep1.log,1.24.4,wil,3.8.10,x86_64,2026-09-28T03:44:34.074655+00:00
main_grid,vgg16,grid_a32_s256_user,vanilla,1,32,256,USER,ws,0,10000000,20000000,40,6784.409,0,ok,False,94135212,94549678,13,/data/grizos/SCALE-Sim/topologies/conv_nets/VGG16.csv,/data/grizos/Scale-Sim-SPM/benchmarks/results_new/cfgs/vgg16__grid_a32_s256_user__vanilla__rep1.cfg,/data/grizos/Scale-Sim-SPM/benchmarks/results_new/runs/vanilla/vgg16__grid_a32_s256_user__vanilla__rep1,/data/grizos/Scale-Sim-SPM/benchmarks/results_new/logs/vanilla/vgg16__grid_a32_s256_user__vanilla__rep1.log,1.24.4,wil,3.8.10,x86_64,2026-09-28T05:37:41.024909+00:00
main_grid,vgg16,grid_a32_s256_user,optimized,1,32,256,USER,ws,0,10000000,20000000,40,2101.95,0,ok,False,94135212,94549678,13,/data/grizos/Scale-Sim-SPM/topologies/conv_nets/VGG16.csv,/data/grizos/Scale-Sim-SPM/benchmarks/results_new/cfgs/vgg16__grid_a32_s256_user__optimized__rep1.cfg,/data/grizos/Scale-Sim-SPM/benchmarks/results_new/runs/optimized/vgg16__grid_a32_s256_user__optimized__rep1,/data/grizos/Scale-Sim-SPM/benchmarks/results_new/logs/optimized/vgg16__grid_a32_s256_user__optimized__rep1.log,1.24.4,wil,3.8.10,x86_64,2026-09-28T06:12:45.831613+00:00
main_grid,vgg16,grid_a64_s16_user,vanilla,1,64,16,USER,ws,0,10000000,20000000,40,7200.251,,timeout,True,,,,/data/grizos/SCALE-Sim/topologies/conv_nets/VGG16.csv,/data/grizos/Scale-Sim-SPM/benchmarks/results_new/cfgs/vgg16__grid_a64_s16_user__vanilla__rep1.cfg,/data/grizos/Scale-Sim-SPM/benchmarks/results_new/runs/vanilla/vgg16__grid_a64_s16_user__vanilla__rep1,/data/grizos/Scale-Sim-SPM/benchmarks/results_new/logs/vanilla/vgg16__grid_a64_s16_user__vanilla__rep1.log,1.24.4,wil,3.8.10,x86_64,2026-09-28T08:12:48.724547+00:00
main_grid,vgg16,grid_a64_s16_user,optimized,1,64,16,USER,ws,0,10000000,20000000,40,4309.761,0,ok,False,680467842,680498398,13,/data/grizos/Scale-Sim-SPM/topologies/conv_nets/VGG16.csv,/data/grizos/Scale-Sim-SPM/benchmarks/results_new/cfgs/vgg16__grid_a64_s16_user__optimized__rep1.cfg,/data/grizos/Scale-Sim-SPM/benchmarks/results_new/runs/optimized/vgg16__grid_a64_s16_user__optimized__rep1,/data/grizos/Scale-Sim-SPM/benchmarks/results_new/logs/optimized/vgg16__grid_a64_s16_user__optimized__rep1.log,1.24.4,wil,3.8.10,x86_64,2026-09-28T09:24:38.936526+00:00
main_grid,vgg16,grid_a64_s32_user,vanilla,1,64,32,USER,ws,0,10000000,20000000,40,7200.424,,timeout,True,,,,/data/grizos/SCALE-Sim/topologies/conv_nets/VGG16.csv,/data/grizos/Scale-Sim-SPM/benchmarks/results_new/cfgs/vgg16__grid_a64_s32_user__vanilla__rep1.cfg,/data/grizos/Scale-Sim-SPM/benchmarks/results_new/runs/vanilla/vgg16__grid_a64_s32_user__vanilla__rep1,/data/grizos/Scale-Sim-SPM/benchmarks/results_new/logs/vanilla/vgg16__grid_a64_s32_user__vanilla__rep1.log,1.24.4,wil,3.8.10,x86_64,2026-09-28T11:24:45.402622+00:00
main_grid,vgg16,grid_a64_s32_user,optimized,1,64,32,USER,ws,0,10000000,20000000,40,2948.013,0,ok,False,431276219,431332752,13,/data/grizos/Scale-Sim-SPM/topologies/conv_nets/VGG16.csv,/data/grizos/Scale-Sim-SPM/benchmarks/results_new/cfgs/vgg16__grid_a64_s32_user__optimized__rep1.cfg,/data/grizos/Scale-Sim-SPM/benchmarks/results_new/runs/optimized/vgg16__grid_a64_s32_user__optimized__rep1,/data/grizos/Scale-Sim-SPM/benchmarks/results_new/logs/optimized/vgg16__grid_a64_s32_user__optimized__rep1.log,1.24.4,wil,3.8.10,x86_64,2026-09-28T12:13:54.261519+00:00
main_grid,vgg16,grid_a64_s64_user,vanilla,1,64,64,USER,ws,0,10000000,20000000,40,7200.364,,timeout,True,,,,/data/grizos/SCALE-Sim/topologies/conv_nets/VGG16.csv,/data/grizos/Scale-Sim-SPM/benchmarks/results_new/cfgs/vgg16__grid_a64_s64_user__vanilla__rep1.cfg,/data/grizos/Scale-Sim-SPM/benchmarks/results_new/runs/vanilla/vgg16__grid_a64_s64_user__vanilla__rep1,/data/grizos/Scale-Sim-SPM/benchmarks/results_new/logs/vanilla/vgg16__grid_a64_s64_user__vanilla__rep1.log,1.24.4,wil,3.8.10,x86_64,2026-09-28T14:14:00.423017+00:00
main_grid,vgg16,grid_a64_s64_user,optimized,1,64,64,USER,ws,0,10000000,20000000,40,2036.241,0,ok,False,211373445,211476992,13,/data/grizos/Scale-Sim-SPM/topologies/conv_nets/VGG16.csv,/data/grizos/Scale-Sim-SPM/benchmarks/results_new/cfgs/vgg16__grid_a64_s64_user__optimized__rep1.cfg,/data/grizos/Scale-Sim-SPM/benchmarks/results_new/runs/optimized/vgg16__grid_a64_s64_user__optimized__rep1,/data/grizos/Scale-Sim-SPM/benchmarks/results_new/logs/optimized/vgg16__grid_a64_s64_user__optimized__rep1.log,1.24.4,wil,3.8.10,x86_64,2026-09-28T14:47:57.802241+00:00
main_grid,vgg16,grid_a64_s128_user,vanilla,1,64,128,USER,ws,0,10000000,20000000,40,7200.585,,timeout,True,,,,/data/grizos/SCALE-Sim/topologies/conv_nets/VGG16.csv,/data/grizos/Scale-Sim-SPM/benchmarks/results_new/cfgs/vgg16__grid_a64_s128_user__vanilla__rep1.cfg,/data/grizos/Scale-Sim-SPM/benchmarks/results_new/runs/vanilla/vgg16__grid_a64_s128_user__vanilla__rep1,/data/grizos/Scale-Sim-SPM/benchmarks/results_new/logs/vanilla/vgg16__grid_a64_s128_user__vanilla__rep1.log,1.24.4,wil,3.8.10,x86_64,2026-09-28T16:48:01.727914+00:00
main_grid,vgg16,grid_a64_s128_user,optimized,1,64,128,USER,ws,0,10000000,20000000,40,1647.037,0,ok,False,137910863,138124207,13,/data/grizos/Scale-Sim-SPM/topologies/conv_nets/VGG16.csv,/data/grizos/Scale-Sim-SPM/benchmarks/results_new/cfgs/vgg16__grid_a64_s128_user__optimized__rep1.cfg,/data/grizos/Scale-Sim-SPM/benchmarks/results_new/runs/optimized/vgg16__grid_a64_s128_user__optimized__rep1,/data/grizos/Scale-Sim-SPM/benchmarks/results_new/logs/optimized/vgg16__grid_a64_s128_user__optimized__rep1.log,1.24.4,wil,3.8.10,x86_64,2026-09-28T17:15:31.282560+00:00
main_grid,vgg16,grid_a64_s256_user,vanilla,1,64,256,USER,ws,0,10000000,20000000,40,3805.338,0,ok,False,89468249,89855381,13,/data/grizos/SCALE-Sim/topologies/conv_nets/VGG16.csv,/data/grizos/Scale-Sim-SPM/benchmarks/results_new/cfgs/vgg16__grid_a64_s256_user__vanilla__rep1.cfg,/data/grizos/Scale-Sim-SPM/benchmarks/results_new/runs/vanilla/vgg16__grid_a64_s256_user__vanilla__rep1,/data/grizos/Scale-Sim-SPM/benchmarks/results_new/logs/vanilla/vgg16__grid_a64_s256_user__vanilla__rep1.log,1.24.4,wil,3.8.10,x86_64,2026-09-28T18:18:59.221108+00:00
main_grid,vgg16,grid_a64_s256_user,optimized,1,64,256,USER,ws,0,10000000,20000000,40,1383.368,0,ok,False,89468249,89855381,13,/data/grizos/Scale-Sim-SPM/topologies/conv_nets/VGG16.csv,/data/grizos/Scale-Sim-SPM/benchmarks/results_new/cfgs/vgg16__grid_a64_s256_user__optimized__rep1.cfg,/data/grizos/Scale-Sim-SPM/benchmarks/results_new/runs/optimized/vgg16__grid_a64_s256_user__optimized__rep1,/data/grizos/Scale-Sim-SPM/benchmarks/results_new/logs/optimized/vgg16__grid_a64_s256_user__optimized__rep1.log,1.24.4,wil,3.8.10,x86_64,2026-09-28T18:42:04.454364+00:00
main_grid,vgg16,grid_a16_s64_calc,vanilla,1,16,64,CALC,ws,0,10000000,20000000,40,7200.307,,timeout,True,,,,/data/grizos/SCALE-Sim/topologies/conv_nets/VGG16.csv,/data/grizos/Scale-Sim-SPM/benchmarks/results_new/cfgs/vgg16__grid_a16_s64_calc__vanilla__rep1.cfg,/data/grizos/Scale-Sim-SPM/benchmarks/results_new/runs/vanilla/vgg16__grid_a16_s64_calc__vanilla__rep1,/data/grizos/Scale-Sim-SPM/benchmarks/results_new/logs/vanilla/vgg16__grid_a16_s64_calc__vanilla__rep1.log,1.24.4,wil,3.8.10,x86_64,2026-09-28T20:42:06.961759+00:00
main_grid,vgg16,grid_a16_s64_calc,optimized,1,16,64,CALC,ws,0,10000000,20000000,40,4424.237,0,ok,False,62653827,62723010,13,/data/grizos/Scale-Sim-SPM/topologies/conv_nets/VGG16.csv,/data/grizos/Scale-Sim-SPM/benchmarks/results_new/cfgs/vgg16__grid_a16_s64_calc__optimized__rep1.cfg,/data/grizos/Scale-Sim-SPM/benchmarks/results_new/runs/optimized/vgg16__grid_a16_s64_calc__optimized__rep1,/data/grizos/Scale-Sim-SPM/benchmarks/results_new/logs/optimized/vgg16__grid_a16_s64_calc__optimized__rep1.log,1.24.4,wil,3.8.10,x86_64,2026-09-28T21:55:53.077177+00:00
main_grid,vgg16,grid_a64_s64_calc,vanilla,1,64,64,CALC,ws,0,10000000,20000000,40,1574.302,0,ok,False,4458211,4506610,13,/data/grizos/SCALE-Sim/topologies/conv_nets/VGG16.csv,/data/grizos/Scale-Sim-SPM/benchmarks/results_new/cfgs/vgg16__grid_a64_s64_calc__vanilla__rep1.cfg,/data/grizos/Scale-Sim-SPM/benchmarks/results_new/runs/vanilla/vgg16__grid_a64_s64_calc__vanilla__rep1,/data/grizos/Scale-Sim-SPM/benchmarks/results_new/logs/vanilla/vgg16__grid_a64_s64_calc__vanilla__rep1.log,1.24.4,wil,3.8.10,x86_64,2026-09-28T22:22:11.872050+00:00
main_grid,vgg16,grid_a64_s64_calc,optimized,1,64,64,CALC,ws,0,10000000,20000000,40,720.374,0,ok,False,4458211,4506610,13,/data/grizos/Scale-Sim-SPM/topologies/conv_nets/VGG16.csv,/data/grizos/Scale-Sim-SPM/benchmarks/results_new/cfgs/vgg16__grid_a64_s64_calc__optimized__rep1.cfg,/data/grizos/Scale-Sim-SPM/benchmarks/results_new/runs/optimized/vgg16__grid_a64_s64_calc__optimized__rep1,/data/grizos/Scale-Sim-SPM/benchmarks/results_new/logs/optimized/vgg16__grid_a64_s64_calc__optimized__rep1.log,1.24.4,wil,3.8.10,x86_64,2026-09-28T22:34:13.415362+00:00
main_grid,vgg16,ctrl_offset_shift,vanilla,1,32,64,CALC,ws,5000000,15000000,25000000,40,4329.884,0,ok,False,16353015,16408870,13,/data/grizos/SCALE-Sim/topologies/conv_nets/VGG16.csv,/data/grizos/Scale-Sim-SPM/benchmarks/results_new/cfgs/vgg16__ctrl_offset_shift__vanilla__rep1.cfg,/data/grizos/Scale-Sim-SPM/benchmarks/results_new/runs/vanilla/vgg16__ctrl_offset_shift__vanilla__rep1,/data/grizos/Scale-Sim-SPM/benchmarks/results_new/logs/vanilla/vgg16__ctrl_offset_shift__vanilla__rep1.log,1.24.4,wil,3.8.10,x86_64,2026-09-28T23:46:24.411834+00:00
main_grid,vgg16,ctrl_offset_shift,optimized,1,32,64,CALC,ws,5000000,15000000,25000000,40,1649.38,0,ok,False,16353015,16408870,13,/data/grizos/Scale-Sim-SPM/topologies/conv_nets/VGG16.csv,/data/grizos/Scale-Sim-SPM/benchmarks/results_new/cfgs/vgg16__ctrl_offset_shift__optimized__rep1.cfg,/data/grizos/Scale-Sim-SPM/benchmarks/results_new/runs/optimized/vgg16__ctrl_offset_shift__optimized__rep1,/data/grizos/Scale-Sim-SPM/benchmarks/results_new/logs/optimized/vgg16__ctrl_offset_shift__optimized__rep1.log,1.24.4,wil,3.8.10,x86_64,2026-09-29T00:13:55.965985+00:00
main_grid,vgg16,ctrl_seed_alt,vanilla,1,32,64,CALC,ws,0,10000000,20000000,777,4139.877,0,ok,False,16353015,16408870,13,/data/grizos/SCALE-Sim/topologies/conv_nets/VGG16.csv,/data/grizos/Scale-Sim-SPM/benchmarks/results_new/cfgs/vgg16__ctrl_seed_alt__vanilla__rep1.cfg,/data/grizos/Scale-Sim-SPM/benchmarks/results_new/runs/vanilla/vgg16__ctrl_seed_alt__vanilla__rep1,/data/grizos/Scale-Sim-SPM/benchmarks/results_new/logs/vanilla/vgg16__ctrl_seed_alt__vanilla__rep1.log,1.24.4,wil,3.8.10,x86_64,2026-09-29T01:22:58.299829+00:00
main_grid,vgg16,ctrl_seed_alt,optimized,1,32,64,CALC,ws,0,10000000,20000000,777,1466.326,0,ok,False,16353015,16408870,13,/data/grizos/Scale-Sim-SPM/topologies/conv_nets/VGG16.csv,/data/grizos/Scale-Sim-SPM/benchmarks/results_new/cfgs/vgg16__ctrl_seed_alt__optimized__rep1.cfg,/data/grizos/Scale-Sim-SPM/benchmarks/results_new/runs/optimized/vgg16__ctrl_seed_alt__optimized__rep1,/data/grizos/Scale-Sim-SPM/benchmarks/results_new/logs/optimized/vgg16__ctrl_seed_alt__optimized__rep1.log,1.24.4,wil,3.8.10,x86_64,2026-09-29T01:47:26.980014+00:00
main_grid,mobilenetv2,anchor,vanilla,1,32,64,CALC,ws,0,10000000,20000000,40,149.586,0,ok,False,1351268,1547176,52,/data/grizos/SCALE-Sim/topologies/conv_nets/MobileNetV2.csv,/data/grizos/Scale-Sim-SPM/benchmarks/results_new/cfgs/mobilenetv2__anchor__vanilla__rep1.cfg,/data/grizos/Scale-Sim-SPM/benchmarks/results_new/runs/vanilla/mobilenetv2__anchor__vanilla__rep1,/data/grizos/Scale-Sim-SPM/benchmarks/results_new/logs/vanilla/mobilenetv2__anchor__vanilla__rep1.log,1.24.4,wil,3.8.10,x86_64,2026-09-29T01:49:58.693107+00:00
main_grid,mobilenetv2,anchor,optimized,1,32,64,CALC,ws,0,10000000,20000000,40,88.655,0,ok,False,1351268,1547176,52,/data/grizos/Scale-Sim-SPM/topologies/conv_nets/MobileNetV2.csv,/data/grizos/Scale-Sim-SPM/benchmarks/results_new/cfgs/mobilenetv2__anchor__optimized__rep1.cfg,/data/grizos/Scale-Sim-SPM/benchmarks/results_new/runs/optimized/mobilenetv2__anchor__optimized__rep1,/data/grizos/Scale-Sim-SPM/benchmarks/results_new/logs/optimized/mobilenetv2__anchor__optimized__rep1.log,1.24.4,wil,3.8.10,x86_64,2026-09-29T01:51:27.474604+00:00
main_grid,mobilenetv2,grid_a16_s16_user,vanilla,1,16,16,USER,ws,0,10000000,20000000,40,4168.038,0,ok,False,54494573,54571373,52,/data/grizos/SCALE-Sim/topologies/conv_nets/MobileNetV2.csv,/data/grizos/Scale-Sim-SPM/benchmarks/results_new/cfgs/mobilenetv2__grid_a16_s16_user__vanilla__rep1.cfg,/data/grizos/Scale-Sim-SPM/benchmarks/results_new/runs/vanilla/mobilenetv2__grid_a16_s16_user__vanilla__rep1,/data/grizos/Scale-Sim-SPM/benchmarks/results_new/logs/vanilla/mobilenetv2__grid_a16_s16_user__vanilla__rep1.log,1.24.4,wil,3.8.10,x86_64,2026-09-29T03:00:55.623714+00:00
main_grid,mobilenetv2,grid_a16_s16_user,optimized,1,16,16,USER,ws,0,10000000,20000000,40,337.549,0,ok,False,54494573,54571373,52,/data/grizos/Scale-Sim-SPM/topologies/conv_nets/MobileNetV2.csv,/data/grizos/Scale-Sim-SPM/benchmarks/results_new/cfgs/mobilenetv2__grid_a16_s16_user__optimized__rep1.cfg,/data/grizos/Scale-Sim-SPM/benchmarks/results_new/runs/optimized/mobilenetv2__grid_a16_s16_user__optimized__rep1,/data/grizos/Scale-Sim-SPM/benchmarks/results_new/logs/optimized/mobilenetv2__grid_a16_s16_user__optimized__rep1.log,1.24.4,wil,3.8.10,x86_64,2026-09-29T03:06:33.865282+00:00
main_grid,mobilenetv2,grid_a16_s32_user,vanilla,1,16,32,USER,ws,0,10000000,20000000,40,1201.533,0,ok,False,22968492,23119424,52,/data/grizos/SCALE-Sim/topologies/conv_nets/MobileNetV2.csv,/data/grizos/Scale-Sim-SPM/benchmarks/results_new/cfgs/mobilenetv2__grid_a16_s32_user__vanilla__rep1.cfg,/data/grizos/Scale-Sim-SPM/benchmarks/results_new/runs/vanilla/mobilenetv2__grid_a16_s32_user__vanilla__rep1,/data/grizos/Scale-Sim-SPM/benchmarks/results_new/logs/vanilla/mobilenetv2__grid_a16_s32_user__vanilla__rep1.log,1.24.4,wil,3.8.10,x86_64,2026-09-29T03:26:36.090434+00:00
main_grid,mobilenetv2,grid_a16_s32_user,optimized,1,16,32,USER,ws,0,10000000,20000000,40,240.19,0,ok,False,22968492,23119424,52,/data/grizos/Scale-Sim-SPM/topologies/conv_nets/MobileNetV2.csv,/data/grizos/Scale-Sim-SPM/benchmarks/results_new/cfgs/mobilenetv2__grid_a16_s32_user__optimized__rep1.cfg,/data/grizos/Scale-Sim-SPM/benchmarks/results_new/runs/optimized/mobilenetv2__grid_a16_s32_user__optimized__rep1,/data/grizos/Scale-Sim-SPM/benchmarks/results_new/logs/optimized/mobilenetv2__grid_a16_s32_user__optimized__rep1.log,1.24.4,wil,3.8.10,x86_64,2026-09-29T03:30:36.670474+00:00
main_grid,mobilenetv2,grid_a16_s64_user,vanilla,1,16,64,USER,ws,0,10000000,20000000,40,372.43,0,ok,False,9291316,9603287,52,/data/grizos/SCALE-Sim/topologies/conv_nets/MobileNetV2.csv,/data/grizos/Scale-Sim-SPM/benchmarks/results_new/cfgs/mobilenetv2__grid_a16_s64_user__vanilla__rep1.cfg,/data/grizos/Scale-Sim-SPM/benchmarks/results_new/runs/vanilla/mobilenetv2__grid_a16_s64_user__vanilla__rep1,/data/grizos/Scale-Sim-SPM/benchmarks/results_new/logs/vanilla/mobilenetv2__grid_a16_s64_user__vanilla__rep1.log,1.24.4,wil,3.8.10,x86_64,2026-09-29T03:36:49.483459+00:00
main_grid,mobilenetv2,grid_a16_s64_user,optimized,1,16,64,USER,ws,0,10000000,20000000,40,191.443,0,ok,False,9291316,9603287,52,/data/grizos/Scale-Sim-SPM/topologies/conv_nets/MobileNetV2.csv,/data/grizos/Scale-Sim-SPM/benchmarks/results_new/cfgs/mobilenetv2__grid_a16_s64_user__optimized__rep1.cfg,/data/grizos/Scale-Sim-SPM/benchmarks/results_new/runs/optimized/mobilenetv2__grid_a16_s64_user__optimized__rep1,/data/grizos/Scale-Sim-SPM/benchmarks/results_new/logs/optimized/mobilenetv2__grid_a16_s64_user__optimized__rep1.log,1.24.4,wil,3.8.10,x86_64,2026-09-29T03:40:01.150838+00:00
main_grid,mobilenetv2,grid_a16_s128_user,vanilla,1,16,128,USER,ws,0,10000000,20000000,40,345.261,0,ok,False,6354307,6955311,52,/data/grizos/SCALE-Sim/topologies/conv_nets/MobileNetV2.csv,/data/grizos/Scale-Sim-SPM/benchmarks/results_new/cfgs/mobilenetv2__grid_a16_s128_user__vanilla__rep1.cfg,/data/grizos/Scale-Sim-SPM/benchmarks/results_new/runs/vanilla/mobilenetv2__grid_a16_s128_user__vanilla__rep1,/data/grizos/Scale-Sim-SPM/benchmarks/results_new/logs/vanilla/mobilenetv2__grid_a16_s128_user__vanilla__rep1.log,1.24.4,wil,3.8.10,x86_64,2026-09-29T03:45:46.632448+00:00
main_grid,mobilenetv2,grid_a16_s128_user,optimized,1,16,128,USER,ws,0,10000000,20000000,40,180.714,0,ok,False,6354307,6955311,52,/data/grizos/Scale-Sim-SPM/topologies/conv_nets/MobileNetV2.csv,/data/grizos/Scale-Sim-SPM/benchmarks/results_new/cfgs/mobilenetv2__grid_a16_s128_user__optimized__rep1.cfg,/data/grizos/Scale-Sim-SPM/benchmarks/results_new/runs/optimized/mobilenetv2__grid_a16_s128_user__optimized__rep1,/data/grizos/Scale-Sim-SPM/benchmarks/results_new/logs/optimized/mobilenetv2__grid_a16_s128_user__optimized__rep1.log,1.24.4,wil,3.8.10,x86_64,2026-09-29T03:48:47.533758+00:00
main_grid,mobilenetv2,grid_a16_s256_user,vanilla,1,16,256,USER,ws,0,10000000,20000000,40,330.535,0,ok,False,4637628,5696131,52,/data/grizos/SCALE-Sim/topologies/conv_nets/MobileNetV2.csv,/data/grizos/Scale-Sim-SPM/benchmarks/results_new/cfgs/mobilenetv2__grid_a16_s256_user__vanilla__rep1.cfg,/data/grizos/Scale-Sim-SPM/benchmarks/results_new/runs/vanilla/mobilenetv2__grid_a16_s256_user__vanilla__rep1,/data/grizos/Scale-Sim-SPM/benchmarks/results_new/logs/vanilla/mobilenetv2__grid_a16_s256_user__vanilla__rep1.log,1.24.4,wil,3.8.10,x86_64,2026-09-29T03:54:18.256521+00:00
main_grid,mobilenetv2,grid_a16_s256_user,optimized,1,16,256,USER,ws,0,10000000,20000000,40,171.062,0,ok,False,4637628,5696131,52,/data/grizos/Scale-Sim-SPM/topologies/conv_nets/MobileNetV2.csv,/data/grizos/Scale-Sim-SPM/benchmarks/results_new/cfgs/mobilenetv2__grid_a16_s256_user__optimized__rep1.cfg,/data/grizos/Scale-Sim-SPM/benchmarks/results_new/runs/optimized/mobilenetv2__grid_a16_s256_user__optimized__rep1,/data/grizos/Scale-Sim-SPM/benchmarks/results_new/logs/optimized/mobilenetv2__grid_a16_s256_user__optimized__rep1.log,1.24.4,wil,3.8.10,x86_64,2026-09-29T03:57:09.486569+00:00
main_grid,mobilenetv2,grid_a32_s16_user,vanilla,1,32,16,USER,ws,0,10000000,20000000,40,1380.598,0,ok,False,40376198,40458580,52,/data/grizos/SCALE-Sim/topologies/conv_nets/MobileNetV2.csv,/data/grizos/Scale-Sim-SPM/benchmarks/results_new/cfgs/mobilenetv2__grid_a32_s16_user__vanilla__rep1.cfg,/data/grizos/Scale-Sim-SPM/benchmarks/results_new/runs/vanilla/mobilenetv2__grid_a32_s16_user__vanilla__rep1,/data/grizos/Scale-Sim-SPM/benchmarks/results_new/logs/vanilla/mobilenetv2__grid_a32_s16_user__vanilla__rep1.log,1.24.4,wil,3.8.10,x86_64,2026-09-29T04:20:10.250146+00:00
main_grid,mobilenetv2,grid_a32_s16_user,optimized,1,32,16,USER,ws,0,10000000,20000000,40,234.826,0,ok,False,40376198,40458580,52,/data/grizos/Scale-Sim-SPM/topologies/conv_nets/MobileNetV2.csv,/data/grizos/Scale-Sim-SPM/benchmarks/results_new/cfgs/mobilenetv2__grid_a32_s16_user__optimized__rep1.cfg,/data/grizos/Scale-Sim-SPM/benchmarks/results_new/runs/optimized/mobilenetv2__grid_a32_s16_user__optimized__rep1,/data/grizos/Scale-Sim-SPM/benchmarks/results_new/logs/optimized/mobilenetv2__grid_a32_s16_user__optimized__rep1.log,1.24.4,wil,3.8.10,x86_64,2026-09-29T04:24:05.602999+00:00
main_grid,mobilenetv2,grid_a32_s32_user,vanilla,1,32,32,USER,ws,0,10000000,20000000,40,498.745,0,ok,False,24363860,24528176,52,/data/grizos/SCALE-Sim/topologies/conv_nets/MobileNetV2.csv,/data/grizos/Scale-Sim-SPM/benchmarks/results_new/cfgs/mobilenetv2__grid_a32_s32_user__vanilla__rep1.cfg,/data/grizos/Scale-Sim-SPM/benchmarks/results_new/runs/vanilla/mobilenetv2__grid_a32_s32_user__vanilla__rep1,/data/grizos/Scale-Sim-SPM/benchmarks/results_new/logs/vanilla/mobilenetv2__grid_a32_s32_user__vanilla__rep1.log,1.24.4,wil,3.8.10,x86_64,2026-09-29T04:32:24.803524+00:00
main_grid,mobilenetv2,grid_a32_s32_user,optimized,1,32,32,USER,ws,0,10000000,20000000,40,192.85,0,ok,False,24363860,24528176,52,/data/grizos/Scale-Sim-SPM/topologies/conv_nets/MobileNetV2.csv,/data/grizos/Scale-Sim-SPM/benchmarks/results_new/cfgs/mobilenetv2__grid_a32_s32_user__optimized__rep1.cfg,/data/grizos/Scale-Sim-SPM/benchmarks/results_new/runs/optimized/mobilenetv2__grid_a32_s32_user__optimized__rep1,/data/grizos/Scale-Sim-SPM/benchmarks/results_new/logs/optimized/mobilenetv2__grid_a32_s32_user__optimized__rep1.log,1.24.4,wil,3.8.10,x86_64,2026-09-29T04:35:38.011892+00:00
main_grid,mobilenetv2,grid_a32_s64_user,vanilla,1,32,64,USER,ws,0,10000000,20000000,40,252.317,0,ok,False,11184257,11523576,52,/data/grizos/SCALE-Sim/topologies/conv_nets/MobileNetV2.csv,/data/grizos/Scale-Sim-SPM/benchmarks/results_new/cfgs/mobilenetv2__grid_a32_s64_user__vanilla__rep1.cfg,/data/grizos/Scale-Sim-SPM/benchmarks/results_new/runs/vanilla/mobilenetv2__grid_a32_s64_user__vanilla__rep1,/data/grizos/Scale-Sim-SPM/benchmarks/results_new/logs/vanilla/mobilenetv2__grid_a32_s64_user__vanilla__rep1.log,1.24.4,wil,3.8.10,x86_64,2026-09-29T04:39:50.691721+00:00
main_grid,mobilenetv2,grid_a32_s64_user,optimized,1,32,64,USER,ws,0,10000000,20000000,40,141.466,0,ok,False,11184257,11523576,52,/data/grizos/Scale-Sim-SPM/topologies/conv_nets/MobileNetV2.csv,/data/grizos/Scale-Sim-SPM/benchmarks/results_new/cfgs/mobilenetv2__grid_a32_s64_user__optimized__rep1.cfg,/data/grizos/Scale-Sim-SPM/benchmarks/results_new/runs/optimized/mobilenetv2__grid_a32_s64_user__optimized__rep1,/data/grizos/Scale-Sim-SPM/benchmarks/results_new/logs/optimized/mobilenetv2__grid_a32_s64_user__optimized__rep1.log,1.24.4,wil,3.8.10,x86_64,2026-09-29T04:42:12.371139+00:00
main_grid,mobilenetv2,grid_a32_s128_user,vanilla,1,32,128,USER,ws,0,10000000,20000000,40,235.059,0,ok,False,7874624,8447577,52,/data/grizos/SCALE-Sim/topologies/conv_nets/MobileNetV2.csv,/data/grizos/Scale-Sim-SPM/benchmarks/results_new/cfgs/mobilenetv2__grid_a32_s128_user__vanilla__rep1.cfg,/data/grizos/Scale-Sim-SPM/benchmarks/results_new/runs/vanilla/mobilenetv2__grid_a32_s128_user__vanilla__rep1,/data/grizos/Scale-Sim-SPM/benchmarks/results_new/logs/vanilla/mobilenetv2__grid_a32_s128_user__vanilla__rep1.log,1.24.4,wil,3.8.10,x86_64,2026-09-29T04:46:07.643887+00:00
main_grid,mobilenetv2,grid_a32_s128_user,optimized,1,32,128,USER,ws,0,10000000,20000000,40,132.695,0,ok,False,7874624,8447577,52,/data/grizos/Scale-Sim-SPM/topologies/conv_nets/MobileNetV2.csv,/data/grizos/Scale-Sim-SPM/benchmarks/results_new/cfgs/mobilenetv2__grid_a32_s128_user__optimized__rep1.cfg,/data/grizos/Scale-Sim-SPM/benchmarks/results_new/runs/optimized/mobilenetv2__grid_a32_s128_user__optimized__rep1,/data/grizos/Scale-Sim-SPM/benchmarks/results_new/logs/optimized/mobilenetv2__grid_a32_s128_user__optimized__rep1.log,1.24.4,wil,3.8.10,x86_64,2026-09-29T04:48:20.513162+00:00
main_grid,mobilenetv2,grid_a32_s256_user,vanilla,1,32,256,USER,ws,0,10000000,20000000,40,204.959,0,ok,False,3167358,4229548,52,/data/grizos/SCALE-Sim/topologies/conv_nets/MobileNetV2.csv,/data/grizos/Scale-Sim-SPM/benchmarks/results_new/cfgs/mobilenetv2__grid_a32_s256_user__vanilla__rep1.cfg,/data/grizos/Scale-Sim-SPM/benchmarks/results_new/runs/vanilla/mobilenetv2__grid_a32_s256_user__vanilla__rep1,/data/grizos/Scale-Sim-SPM/benchmarks/results_new/logs/vanilla/mobilenetv2__grid_a32_s256_user__vanilla__rep1.log,1.24.4,wil,3.8.10,x86_64,2026-09-29T04:51:45.648835+00:00
main_grid,mobilenetv2,grid_a32_s256_user,optimized,1,32,256,USER,ws,0,10000000,20000000,40,114.962,0,ok,False,3167358,4229548,52,/data/grizos/Scale-Sim-SPM/topologies/conv_nets/MobileNetV2.csv,/data/grizos/Scale-Sim-SPM/benchmarks/results_new/cfgs/mobilenetv2__grid_a32_s256_user__optimized__rep1.cfg,/data/grizos/Scale-Sim-SPM/benchmarks/results_new/runs/optimized/mobilenetv2__grid_a32_s256_user__optimized__rep1,/data/grizos/Scale-Sim-SPM/benchmarks/results_new/logs/optimized/mobilenetv2__grid_a32_s256_user__optimized__rep1.log,1.24.4,wil,3.8.10,x86_64,2026-09-29T04:53:40.741353+00:00
main_grid,mobilenetv2,grid_a64_s16_user,vanilla,1,64,16,USER,ws,0,10000000,20000000,40,2955.205,0,ok,False,58541992,58623380,52,/data/grizos/SCALE-Sim/topologies/conv_nets/MobileNetV2.csv,/data/grizos/Scale-Sim-SPM/benchmarks/results_new/cfgs/mobilenetv2__grid_a64_s16_user__vanilla__rep1.cfg,/data/grizos/Scale-Sim-SPM/benchmarks/results_new/runs/vanilla/mobilenetv2__grid_a64_s16_user__vanilla__rep1,/data/grizos/Scale-Sim-SPM/benchmarks/results_new/logs/vanilla/mobilenetv2__grid_a64_s16_user__vanilla__rep1.log,1.24.4,wil,3.8.10,x86_64,2026-09-29T05:42:56.080462+00:00
main_grid,mobilenetv2,grid_a64_s16_user,optimized,1,64,16,USER,ws,0,10000000,20000000,40,275.559,0,ok,False,58541992,58623380,52,/data/grizos/Scale-Sim-SPM/topologies/conv_nets/MobileNetV2.csv,/data/grizos/Scale-Sim-SPM/benchmarks/results_new/cfgs/mobilenetv2__grid_a64_s16_user__optimized__rep1.cfg,/data/grizos/Scale-Sim-SPM/benchmarks/results_new/runs/optimized/mobilenetv2__grid_a64_s16_user__optimized__rep1,/data/grizos/Scale-Sim-SPM/benchmarks/results_new/logs/optimized/mobilenetv2__grid_a64_s16_user__optimized__rep1.log,1.24.4,wil,3.8.10,x86_64,2026-09-29T05:47:32.321394+00:00
main_grid,mobilenetv2,grid_a64_s32_user,vanilla,1,64,32,USER,ws,0,10000000,20000000,40,1085.535,0,ok,False,42969942,43129050,52,/data/grizos/SCALE-Sim/topologies/conv_nets/MobileNetV2.csv,/data/grizos/Scale-Sim-SPM/benchmarks/results_new/cfgs/mobilenetv2__grid_a64_s32_user__vanilla__rep1.cfg,/data/grizos/Scale-Sim-SPM/benchmarks/results_new/runs/vanilla/mobilenetv2__grid_a64_s32_user__vanilla__rep1,/data/grizos/Scale-Sim-SPM/benchmarks/results_new/logs/vanilla/mobilenetv2__grid_a64_s32_user__vanilla__rep1.log,1.24.4,wil,3.8.10,x86_64,2026-09-29T06:05:38.520032+00:00
main_grid,mobilenetv2,grid_a64_s32_user,optimized,1,64,32,USER,ws,0,10000000,20000000,40,227.767,0,ok,False,42969942,43129050,52,/data/grizos/Scale-Sim-SPM/topologies/conv_nets/MobileNetV2.csv,/data/grizos/Scale-Sim-SPM/benchmarks/results_new/cfgs/mobilenetv2__grid_a64_s32_user__optimized__rep1.cfg,/data/grizos/Scale-Sim-SPM/benchmarks/results_new/runs/optimized/mobilenetv2__grid_a64_s32_user__optimized__rep1,/data/grizos/Scale-Sim-SPM/benchmarks/results_new/logs/optimized/mobilenetv2__grid_a64_s32_user__optimized__rep1.log,1.24.4,wil,3.8.10,x86_64,2026-09-29T06:09:26.669205+00:00
main_grid,mobilenetv2,grid_a64_s64_user,vanilla,1,64,64,USER,ws,0,10000000,20000000,40,299.198,0,ok,False,20264114,20577008,52,/data/grizos/SCALE-Sim/topologies/conv_nets/MobileNetV2.csv,/data/grizos/Scale-Sim-SPM/benchmarks/results_new/cfgs/mobilenetv2__grid_a64_s64_user__vanilla__rep1.cfg,/data/grizos/Scale-Sim-SPM/benchmarks/results_new/runs/vanilla/mobilenetv2__grid_a64_s64_user__vanilla__rep1,/data/grizos/Scale-Sim-SPM/benchmarks/results_new/logs/vanilla/mobilenetv2__grid_a64_s64_user__vanilla__rep1.log,1.24.4,wil,3.8.10,x86_64,2026-09-29T06:14:26.382057+00:00
main_grid,mobilenetv2,grid_a64_s64_user,optimized,1,64,64,USER,ws,0,10000000,20000000,40,152.907,0,ok,False,20264114,20577008,52,/data/grizos/Scale-Sim-SPM/topologies/conv_nets/MobileNetV2.csv,/data/grizos/Scale-Sim-SPM/benchmarks/results_new/cfgs/mobilenetv2__grid_a64_s64_user__optimized__rep1.cfg,/data/grizos/Scale-Sim-SPM/benchmarks/results_new/runs/optimized/mobilenetv2__grid_a64_s64_user__optimized__rep1,/data/grizos/Scale-Sim-SPM/benchmarks/results_new/logs/optimized/mobilenetv2__grid_a64_s64_user__optimized__rep1.log,1.24.4,wil,3.8.10,x86_64,2026-09-29T06:16:59.597726+00:00
main_grid,mobilenetv2,grid_a64_s128_user,vanilla,1,64,128,USER,ws,0,10000000,20000000,40,200.677,0,ok,False,8940323,9498223,52,/data/grizos/SCALE-Sim/topologies/conv_nets/MobileNetV2.csv,/data/grizos/Scale-Sim-SPM/benchmarks/results_new/cfgs/mobilenetv2__grid_a64_s128_user__vanilla__rep1.cfg,/data/grizos/Scale-Sim-SPM/benchmarks/results_new/runs/vanilla/mobilenetv2__grid_a64_s128_user__vanilla__rep1,/data/grizos/Scale-Sim-SPM/benchmarks/results_new/logs/vanilla/mobilenetv2__grid_a64_s128_user__vanilla__rep1.log,1.24.4,wil,3.8.10,x86_64,2026-09-29T06:20:20.588660+00:00
main_grid,mobilenetv2,grid_a64_s128_user,optimized,1,64,128,USER,ws,0,10000000,20000000,40,123.376,0,ok,False,8940323,9498223,52,/data/grizos/Scale-Sim-SPM/topologies/conv_nets/MobileNetV2.csv,/data/grizos/Scale-Sim-SPM/benchmarks/results_new/cfgs/mobilenetv2__grid_a64_s128_user__optimized__rep1.cfg,/data/grizos/Scale-Sim-SPM/benchmarks/results_new/runs/optimized/mobilenetv2__grid_a64_s128_user__optimized__rep1,/data/grizos/Scale-Sim-SPM/benchmarks/results_new/logs/optimized/mobilenetv2__grid_a64_s128_user__optimized__rep1.log,1.24.4,wil,3.8.10,x86_64,2026-09-29T06:22:24.151715+00:00
main_grid,mobilenetv2,grid_a64_s256_user,vanilla,1,64,256,USER,ws,0,10000000,20000000,40,181.74,0,ok,False,4223506,5171723,52,/data/grizos/SCALE-Sim/topologies/conv_nets/MobileNetV2.csv,/data/grizos/Scale-Sim-SPM/benchmarks/results_new/cfgs/mobilenetv2__grid_a64_s256_user__vanilla__rep1.cfg,/data/grizos/Scale-Sim-SPM/benchmarks/results_new/runs/vanilla/mobilenetv2__grid_a64_s256_user__vanilla__rep1,/data/grizos/Scale-Sim-SPM/benchmarks/results_new/logs/vanilla/mobilenetv2__grid_a64_s256_user__vanilla__rep1.log,1.24.4,wil,3.8.10,x86_64,2026-09-29T06:25:26.076547+00:00
main_grid,mobilenetv2,grid_a64_s256_user,optimized,1,64,256,USER,ws,0,10000000,20000000,40,105.602,0,ok,False,4223506,5171723,52,/data/grizos/Scale-Sim-SPM/topologies/conv_nets/MobileNetV2.csv,/data/grizos/Scale-Sim-SPM/benchmarks/results_new/cfgs/mobilenetv2__grid_a64_s256_user__optimized__rep1.cfg,/data/grizos/Scale-Sim-SPM/benchmarks/results_new/runs/optimized/mobilenetv2__grid_a64_s256_user__optimized__rep1,/data/grizos/Scale-Sim-SPM/benchmarks/results_new/logs/optimized/mobilenetv2__grid_a64_s256_user__optimized__rep1.log,1.24.4,wil,3.8.10,x86_64,2026-09-29T06:27:11.820787+00:00
main_grid,mobilenetv2,grid_a16_s64_calc,vanilla,1,16,64,CALC,ws,0,10000000,20000000,40,237.676,0,ok,False,3010648,3244424,52,/data/grizos/SCALE-Sim/topologies/conv_nets/MobileNetV2.csv,/data/grizos/Scale-Sim-SPM/benchmarks/results_new/cfgs/mobilenetv2__grid_a16_s64_calc__vanilla__rep1.cfg,/data/grizos/Scale-Sim-SPM/benchmarks/results_new/runs/vanilla/mobilenetv2__grid_a16_s64_calc__vanilla__rep1,/data/grizos/Scale-Sim-SPM/benchmarks/results_new/logs/vanilla/mobilenetv2__grid_a16_s64_calc__vanilla__rep1.log,1.24.4,wil,3.8.10,x86_64,2026-09-29T06:31:09.639508+00:00
main_grid,mobilenetv2,grid_a16_s64_calc,optimized,1,16,64,CALC,ws,0,10000000,20000000,40,143.131,0,ok,False,3010648,3244424,52,/data/grizos/Scale-Sim-SPM/topologies/conv_nets/MobileNetV2.csv,/data/grizos/Scale-Sim-SPM/benchmarks/results_new/cfgs/mobilenetv2__grid_a16_s64_calc__optimized__rep1.cfg,/data/grizos/Scale-Sim-SPM/benchmarks/results_new/runs/optimized/mobilenetv2__grid_a16_s64_calc__optimized__rep1,/data/grizos/Scale-Sim-SPM/benchmarks/results_new/logs/optimized/mobilenetv2__grid_a16_s64_calc__optimized__rep1.log,1.24.4,wil,3.8.10,x86_64,2026-09-29T06:33:32.931233+00:00
main_grid,mobilenetv2,grid_a64_s64_calc,vanilla,1,64,64,CALC,ws,0,10000000,20000000,40,118.211,0,ok,False,789411,965980,52,/data/grizos/SCALE-Sim/topologies/conv_nets/MobileNetV2.csv,/data/grizos/Scale-Sim-SPM/benchmarks/results_new/cfgs/mobilenetv2__grid_a64_s64_calc__vanilla__rep1.cfg,/data/grizos/Scale-Sim-SPM/benchmarks/results_new/runs/vanilla/mobilenetv2__grid_a64_s64_calc__vanilla__rep1,/data/grizos/Scale-Sim-SPM/benchmarks/results_new/logs/vanilla/mobilenetv2__grid_a64_s64_calc__vanilla__rep1.log,1.24.4,wil,3.8.10,x86_64,2026-09-29T06:35:31.302817+00:00
main_grid,mobilenetv2,grid_a64_s64_calc,optimized,1,64,64,CALC,ws,0,10000000,20000000,40,72.817,0,ok,False,789411,965980,52,/data/grizos/Scale-Sim-SPM/topologies/conv_nets/MobileNetV2.csv,/data/grizos/Scale-Sim-SPM/benchmarks/results_new/cfgs/mobilenetv2__grid_a64_s64_calc__optimized__rep1.cfg,/data/grizos/Scale-Sim-SPM/benchmarks/results_new/runs/optimized/mobilenetv2__grid_a64_s64_calc__optimized__rep1,/data/grizos/Scale-Sim-SPM/benchmarks/results_new/logs/optimized/mobilenetv2__grid_a64_s64_calc__optimized__rep1.log,1.24.4,wil,3.8.10,x86_64,2026-09-29T06:36:44.243282+00:00
main_grid,mobilenetv2,ctrl_offset_shift,vanilla,1,32,64,CALC,ws,5000000,15000000,25000000,40,148.167,0,ok,False,1351268,1547176,52,/data/grizos/SCALE-Sim/topologies/conv_nets/MobileNetV2.csv,/data/grizos/Scale-Sim-SPM/benchmarks/results_new/cfgs/mobilenetv2__ctrl_offset_shift__vanilla__rep1.cfg,/data/grizos/Scale-Sim-SPM/benchmarks/results_new/runs/vanilla/mobilenetv2__ctrl_offset_shift__vanilla__rep1,/data/grizos/Scale-Sim-SPM/benchmarks/results_new/logs/vanilla/mobilenetv2__ctrl_offset_shift__vanilla__rep1.log,1.24.4,wil,3.8.10,x86_64,2026-09-29T06:39:12.535004+00:00
main_grid,mobilenetv2,ctrl_offset_shift,optimized,1,32,64,CALC,ws,5000000,15000000,25000000,40,87.554,0,ok,False,1351268,1547176,52,/data/grizos/Scale-Sim-SPM/topologies/conv_nets/MobileNetV2.csv,/data/grizos/Scale-Sim-SPM/benchmarks/results_new/cfgs/mobilenetv2__ctrl_offset_shift__optimized__rep1.cfg,/data/grizos/Scale-Sim-SPM/benchmarks/results_new/runs/optimized/mobilenetv2__ctrl_offset_shift__optimized__rep1,/data/grizos/Scale-Sim-SPM/benchmarks/results_new/logs/optimized/mobilenetv2__ctrl_offset_shift__optimized__rep1.log,1.24.4,wil,3.8.10,x86_64,2026-09-29T06:40:40.222028+00:00
main_grid,mobilenetv2,ctrl_seed_alt,vanilla,1,32,64,CALC,ws,0,10000000,20000000,777,143.782,0,ok,False,1351268,1547176,52,/data/grizos/SCALE-Sim/topologies/conv_nets/MobileNetV2.csv,/data/grizos/Scale-Sim-SPM/benchmarks/results_new/cfgs/mobilenetv2__ctrl_seed_alt__vanilla__rep1.cfg,/data/grizos/Scale-Sim-SPM/benchmarks/results_new/runs/vanilla/mobilenetv2__ctrl_seed_alt__vanilla__rep1,/data/grizos/Scale-Sim-SPM/benchmarks/results_new/logs/vanilla/mobilenetv2__ctrl_seed_alt__vanilla__rep1.log,1.24.4,wil,3.8.10,x86_64,2026-09-29T06:43:04.140120+00:00
main_grid,mobilenetv2,ctrl_seed_alt,optimized,1,32,64,CALC,ws,0,10000000,20000000,777,85.543,0,ok,False,1351268,1547176,52,/data/grizos/Scale-Sim-SPM/topologies/conv_nets/MobileNetV2.csv,/data/grizos/Scale-Sim-SPM/benchmarks/results_new/cfgs/mobilenetv2__ctrl_seed_alt__optimized__rep1.cfg,/data/grizos/Scale-Sim-SPM/benchmarks/results_new/runs/optimized/mobilenetv2__ctrl_seed_alt__optimized__rep1,/data/grizos/Scale-Sim-SPM/benchmarks/results_new/logs/optimized/mobilenetv2__ctrl_seed_alt__optimized__rep1.log,1.24.4,wil,3.8.10,x86_64,2026-09-29T06:44:29.809998+00:00
main_grid,mnasnet,anchor,vanilla,1,32,64,CALC,ws,0,10000000,20000000,40,199.45,0,ok,False,1990066,2188579,52,/data/grizos/SCALE-Sim/topologies/conv_nets/MnasNet.csv,/data/grizos/Scale-Sim-SPM/benchmarks/results_new/cfgs/mnasnet__anchor__vanilla__rep1.cfg,/data/grizos/Scale-Sim-SPM/benchmarks/results_new/runs/vanilla/mnasnet__anchor__vanilla__rep1,/data/grizos/Scale-Sim-SPM/benchmarks/results_new/logs/vanilla/mnasnet__anchor__vanilla__rep1.log,1.24.4,wil,3.8.10,x86_64,2026-09-29T06:47:49.386771+00:00
main_grid,mnasnet,anchor,optimized,1,32,64,CALC,ws,0,10000000,20000000,40,119.518,0,ok,False,1990066,2188579,52,/data/grizos/Scale-Sim-SPM/topologies/conv_nets/MnasNet.csv,/data/grizos/Scale-Sim-SPM/benchmarks/results_new/cfgs/mnasnet__anchor__optimized__rep1.cfg,/data/grizos/Scale-Sim-SPM/benchmarks/results_new/runs/optimized/mnasnet__anchor__optimized__rep1,/data/grizos/Scale-Sim-SPM/benchmarks/results_new/logs/optimized/mnasnet__anchor__optimized__rep1.log,1.24.4,wil,3.8.10,x86_64,2026-09-29T06:49:49.037637+00:00
main_grid,mnasnet,grid_a16_s16_user,vanilla,1,16,16,USER,ws,0,10000000,20000000,40,7200.192,,timeout,True,,,,/data/grizos/SCALE-Sim/topologies/conv_nets/MnasNet.csv,/data/grizos/Scale-Sim-SPM/benchmarks/results_new/cfgs/mnasnet__grid_a16_s16_user__vanilla__rep1.cfg,/data/grizos/Scale-Sim-SPM/benchmarks/results_new/runs/vanilla/mnasnet__grid_a16_s16_user__vanilla__rep1,/data/grizos/Scale-Sim-SPM/benchmarks/results_new/logs/vanilla/mnasnet__grid_a16_s16_user__vanilla__rep1.log,1.24.4,wil,3.8.10,x86_64,2026-09-29T08:49:49.389624+00:00
main_grid,mnasnet,grid_a16_s16_user,optimized,1,16,16,USER,ws,0,10000000,20000000,40,517.921,0,ok,False,89210476,89290403,52,/data/grizos/Scale-Sim-SPM/topologies/conv_nets/MnasNet.csv,/data/grizos/Scale-Sim-SPM/benchmarks/results_new/cfgs/mnasnet__grid_a16_s16_user__optimized__rep1.cfg,/data/grizos/Scale-Sim-SPM/benchmarks/results_new/runs/optimized/mnasnet__grid_a16_s16_user__optimized__rep1,/data/grizos/Scale-Sim-SPM/benchmarks/results_new/logs/optimized/mnasnet__grid_a16_s16_user__optimized__rep1.log,1.24.4,wil,3.8.10,x86_64,2026-09-29T08:58:28.043193+00:00
main_grid,mnasnet,grid_a16_s32_user,vanilla,1,16,32,USER,ws,0,10000000,20000000,40,2536.261,0,ok,False,47519769,47674107,52,/data/grizos/SCALE-Sim/topologies/conv_nets/MnasNet.csv,/data/grizos/Scale-Sim-SPM/benchmarks/results_new/cfgs/mnasnet__grid_a16_s32_user__vanilla__rep1.cfg,/data/grizos/Scale-Sim-SPM/benchmarks/results_new/runs/vanilla/mnasnet__grid_a16_s32_user__vanilla__rep1,/data/grizos/Scale-Sim-SPM/benchmarks/results_new/logs/vanilla/mnasnet__grid_a16_s32_user__vanilla__rep1.log,1.24.4,wil,3.8.10,x86_64,2026-09-29T09:40:45.382710+00:00
main_grid,mnasnet,grid_a16_s32_user,optimized,1,16,32,USER,ws,0,10000000,20000000,40,394.217,0,ok,False,47519769,47674107,52,/data/grizos/Scale-Sim-SPM/topologies/conv_nets/MnasNet.csv,/data/grizos/Scale-Sim-SPM/benchmarks/results_new/cfgs/mnasnet__grid_a16_s32_user__optimized__rep1.cfg,/data/grizos/Scale-Sim-SPM/benchmarks/results_new/runs/optimized/mnasnet__grid_a16_s32_user__optimized__rep1,/data/grizos/Scale-Sim-SPM/benchmarks/results_new/logs/optimized/mnasnet__grid_a16_s32_user__optimized__rep1.log,1.24.4,wil,3.8.10,x86_64,2026-09-29T09:47:20.261096+00:00
main_grid,mnasnet,grid_a16_s64_user,vanilla,1,16,64,USER,ws,0,10000000,20000000,40,635.841,0,ok,False,23702774,24017334,52,/data/grizos/SCALE-Sim/topologies/conv_nets/MnasNet.csv,/data/grizos/Scale-Sim-SPM/benchmarks/results_new/cfgs/mnasnet__grid_a16_s64_user__vanilla__rep1.cfg,/data/grizos/Scale-Sim-SPM/benchmarks/results_new/runs/vanilla/mnasnet__grid_a16_s64_user__vanilla__rep1,/data/grizos/Scale-Sim-SPM/benchmarks/results_new/logs/vanilla/mnasnet__grid_a16_s64_user__vanilla__rep1.log,1.24.4,wil,3.8.10,x86_64,2026-09-29T09:57:56.753763+00:00
main_grid,mnasnet,grid_a16_s64_user,optimized,1,16,64,USER,ws,0,10000000,20000000,40,296.893,0,ok,False,23702774,24017334,52,/data/grizos/Scale-Sim-SPM/topologies/conv_nets/MnasNet.csv,/data/grizos/Scale-Sim-SPM/benchmarks/results_new/cfgs/mnasnet__grid_a16_s64_user__optimized__rep1.cfg,/data/grizos/Scale-Sim-SPM/benchmarks/results_new/runs/optimized/mnasnet__grid_a16_s64_user__optimized__rep1,/data/grizos/Scale-Sim-SPM/benchmarks/results_new/logs/optimized/mnasnet__grid_a16_s64_user__optimized__rep1.log,1.24.4,wil,3.8.10,x86_64,2026-09-29T10:02:54.033675+00:00
main_grid,mnasnet,grid_a16_s128_user,vanilla,1,16,128,USER,ws,0,10000000,20000000,40,519.812,0,ok,False,16235103,16810862,52,/data/grizos/SCALE-Sim/topologies/conv_nets/MnasNet.csv,/data/grizos/Scale-Sim-SPM/benchmarks/results_new/cfgs/mnasnet__grid_a16_s128_user__vanilla__rep1.cfg,/data/grizos/Scale-Sim-SPM/benchmarks/results_new/runs/vanilla/mnasnet__grid_a16_s128_user__vanilla__rep1,/data/grizos/Scale-Sim-SPM/benchmarks/results_new/logs/vanilla/mnasnet__grid_a16_s128_user__vanilla__rep1.log,1.24.4,wil,3.8.10,x86_64,2026-09-29T10:11:34.227415+00:00
main_grid,mnasnet,grid_a16_s128_user,optimized,1,16,128,USER,ws,0,10000000,20000000,40,271.515,0,ok,False,16235103,16810862,52,/data/grizos/Scale-Sim-SPM/topologies/conv_nets/MnasNet.csv,/data/grizos/Scale-Sim-SPM/benchmarks/results_new/cfgs/mnasnet__grid_a16_s128_user__optimized__rep1.cfg,/data/grizos/Scale-Sim-SPM/benchmarks/results_new/runs/optimized/mnasnet__grid_a16_s128_user__optimized__rep1,/data/grizos/Scale-Sim-SPM/benchmarks/results_new/logs/optimized/mnasnet__grid_a16_s128_user__optimized__rep1.log,1.24.4,wil,3.8.10,x86_64,2026-09-29T10:16:06.070657+00:00
main_grid,mnasnet,grid_a16_s256_user,vanilla,1,16,256,USER,ws,0,10000000,20000000,40,440.881,0,ok,False,8145786,9301890,52,/data/grizos/SCALE-Sim/topologies/conv_nets/MnasNet.csv,/data/grizos/Scale-Sim-SPM/benchmarks/results_new/cfgs/mnasnet__grid_a16_s256_user__vanilla__rep1.cfg,/data/grizos/Scale-Sim-SPM/benchmarks/results_new/runs/vanilla/mnasnet__grid_a16_s256_user__vanilla__rep1,/data/grizos/Scale-Sim-SPM/benchmarks/results_new/logs/vanilla/mnasnet__grid_a16_s256_user__vanilla__rep1.log,1.24.4,wil,3.8.10,x86_64,2026-09-29T10:23:27.250814+00:00
main_grid,mnasnet,grid_a16_s256_user,optimized,1,16,256,USER,ws,0,10000000,20000000,40,241.128,0,ok,False,8145786,9301890,52,/data/grizos/Scale-Sim-SPM/topologies/conv_nets/MnasNet.csv,/data/grizos/Scale-Sim-SPM/benchmarks/results_new/cfgs/mnasnet__grid_a16_s256_user__optimized__rep1.cfg,/data/grizos/Scale-Sim-SPM/benchmarks/results_new/runs/optimized/mnasnet__grid_a16_s256_user__optimized__rep1,/data/grizos/Scale-Sim-SPM/benchmarks/results_new/logs/optimized/mnasnet__grid_a16_s256_user__optimized__rep1.log,1.24.4,wil,3.8.10,x86_64,2026-09-29T10:27:28.538785+00:00
main_grid,mnasnet,grid_a32_s16_user,vanilla,1,32,16,USER,ws,0,10000000,20000000,40,7200.119,,timeout,True,,,,/data/grizos/SCALE-Sim/topologies/conv_nets/MnasNet.csv,/data/grizos/Scale-Sim-SPM/benchmarks/results_new/cfgs/mnasnet__grid_a32_s16_user__vanilla__rep1.cfg,/data/grizos/Scale-Sim-SPM/benchmarks/results_new/runs/vanilla/mnasnet__grid_a32_s16_user__vanilla__rep1,/data/grizos/Scale-Sim-SPM/benchmarks/results_new/logs/vanilla/mnasnet__grid_a32_s16_user__vanilla__rep1.log,1.24.4,wil,3.8.10,x86_64,2026-09-29T12:27:28.876906+00:00
main_grid,mnasnet,grid_a32_s16_user,optimized,1,32,16,USER,ws,0,10000000,20000000,40,501.012,0,ok,False,101721793,101803525,52,/data/grizos/Scale-Sim-SPM/topologies/conv_nets/MnasNet.csv,/data/grizos/Scale-Sim-SPM/benchmarks/results_new/cfgs/mnasnet__grid_a32_s16_user__optimized__rep1.cfg,/data/grizos/Scale-Sim-SPM/benchmarks/results_new/runs/optimized/mnasnet__grid_a32_s16_user__optimized__rep1,/data/grizos/Scale-Sim-SPM/benchmarks/results_new/logs/optimized/mnasnet__grid_a32_s16_user__optimized__rep1.log,1.24.4,wil,3.8.10,x86_64,2026-09-29T12:35:50.670265+00:00
main_grid,mnasnet,grid_a32_s32_user,vanilla,1,32,32,USER,ws,0,10000000,20000000,40,3904.807,0,ok,False,76317303,76476181,52,/data/grizos/SCALE-Sim/topologies/conv_nets/MnasNet.csv,/data/grizos/Scale-Sim-SPM/benchmarks/results_new/cfgs/mnasnet__grid_a32_s32_user__vanilla__rep1.cfg,/data/grizos/Scale-Sim-SPM/benchmarks/results_new/runs/vanilla/mnasnet__grid_a32_s32_user__vanilla__rep1,/data/grizos/Scale-Sim-SPM/benchmarks/results_new/logs/vanilla/mnasnet__grid_a32_s32_user__vanilla__rep1.log,1.24.4,wil,3.8.10,x86_64,2026-09-29T13:40:56.631777+00:00
main_grid,mnasnet,grid_a32_s32_user,optimized,1,32,32,USER,ws,0,10000000,20000000,40,400.914,0,ok,False,76317303,76476181,52,/data/grizos/Scale-Sim-SPM/topologies/conv_nets/MnasNet.csv,/data/grizos/Scale-Sim-SPM/benchmarks/results_new/cfgs/mnasnet__grid_a32_s32_user__optimized__rep1.cfg,/data/grizos/Scale-Sim-SPM/benchmarks/results_new/runs/optimized/mnasnet__grid_a32_s32_user__optimized__rep1,/data/grizos/Scale-Sim-SPM/benchmarks/results_new/logs/optimized/mnasnet__grid_a32_s32_user__optimized__rep1.log,1.24.4,wil,3.8.10,x86_64,2026-09-29T13:47:38.394794+00:00
main_grid,mnasnet,grid_a32_s64_user,vanilla,1,32,64,USER,ws,0,10000000,20000000,40,633.957,0,ok,False,31816047,32142860,52,/data/grizos/SCALE-Sim/topologies/conv_nets/MnasNet.csv,/data/grizos/Scale-Sim-SPM/benchmarks/results_new/cfgs/mnasnet__grid_a32_s64_user__vanilla__rep1.cfg,/data/grizos/Scale-Sim-SPM/benchmarks/results_new/runs/vanilla/mnasnet__grid_a32_s64_user__vanilla__rep1,/data/grizos/Scale-Sim-SPM/benchmarks/results_new/logs/vanilla/mnasnet__grid_a32_s64_user__vanilla__rep1.log,1.24.4,wil,3.8.10,x86_64,2026-09-29T13:58:13.209860+00:00
main_grid,mnasnet,grid_a32_s64_user,optimized,1,32,64,USER,ws,0,10000000,20000000,40,260.298,0,ok,False,31816047,32142860,52,/data/grizos/Scale-Sim-SPM/topologies/conv_nets/MnasNet.csv,/data/grizos/Scale-Sim-SPM/benchmarks/results_new/cfgs/mnasnet__grid_a32_s64_user__optimized__rep1.cfg,/data/grizos/Scale-Sim-SPM/benchmarks/results_new/runs/optimized/mnasnet__grid_a32_s64_user__optimized__rep1,/data/grizos/Scale-Sim-SPM/benchmarks/results_new/logs/optimized/mnasnet__grid_a32_s64_user__optimized__rep1.log,1.24.4,wil,3.8.10,x86_64,2026-09-29T14:02:33.862332+00:00
main_grid,mnasnet,grid_a32_s128_user,vanilla,1,32,128,USER,ws,0,10000000,20000000,40,562.992,0,ok,False,28125361,28722490,52,/data/grizos/SCALE-Sim/topologies/conv_nets/MnasNet.csv,/data/grizos/Scale-Sim-SPM/benchmarks/results_new/cfgs/mnasnet__grid_a32_s128_user__vanilla__rep1.cfg,/data/grizos/Scale-Sim-SPM/benchmarks/results_new/runs/vanilla/mnasnet__grid_a32_s128_user__vanilla__rep1,/data/grizos/Scale-Sim-SPM/benchmarks/results_new/logs/vanilla/mnasnet__grid_a32_s128_user__vanilla__rep1.log,1.24.4,wil,3.8.10,x86_64,2026-09-29T14:11:57.268177+00:00
main_grid,mnasnet,grid_a32_s128_user,optimized,1,32,128,USER,ws,0,10000000,20000000,40,265.116,0,ok,False,28125361,28722490,52,/data/grizos/Scale-Sim-SPM/topologies/conv_nets/MnasNet.csv,/data/grizos/Scale-Sim-SPM/benchmarks/results_new/cfgs/mnasnet__grid_a32_s128_user__optimized__rep1.cfg,/data/grizos/Scale-Sim-SPM/benchmarks/results_new/runs/optimized/mnasnet__grid_a32_s128_user__optimized__rep1,/data/grizos/Scale-Sim-SPM/benchmarks/results_new/logs/optimized/mnasnet__grid_a32_s128_user__optimized__rep1.log,1.24.4,wil,3.8.10,x86_64,2026-09-29T14:16:22.777513+00:00
main_grid,mnasnet,grid_a32_s256_user,vanilla,1,32,256,USER,ws,0,10000000,20000000,40,311.139,0,ok,False,8339468,9401540,52,/data/grizos/SCALE-Sim/topologies/conv_nets/MnasNet.csv,/data/grizos/Scale-Sim-SPM/benchmarks/results_new/cfgs/mnasnet__grid_a32_s256_user__vanilla__rep1.cfg,/data/grizos/Scale-Sim-SPM/benchmarks/results_new/runs/vanilla/mnasnet__grid_a32_s256_user__vanilla__rep1,/data/grizos/Scale-Sim-SPM/benchmarks/results_new/logs/vanilla/mnasnet__grid_a32_s256_user__vanilla__rep1.log,1.24.4,wil,3.8.10,x86_64,2026-09-29T14:21:34.322181+00:00
main_grid,mnasnet,grid_a32_s256_user,optimized,1,32,256,USER,ws,0,10000000,20000000,40,179.723,0,ok,False,8339468,9401540,52,/data/grizos/Scale-Sim-SPM/topologies/conv_nets/MnasNet.csv,/data/grizos/Scale-Sim-SPM/benchmarks/results_new/cfgs/mnasnet__grid_a32_s256_user__optimized__rep1.cfg,/data/grizos/Scale-Sim-SPM/benchmarks/results_new/runs/optimized/mnasnet__grid_a32_s256_user__optimized__rep1,/data/grizos/Scale-Sim-SPM/benchmarks/results_new/logs/optimized/mnasnet__grid_a32_s256_user__optimized__rep1.log,1.24.4,wil,3.8.10,x86_64,2026-09-29T14:24:34.271915+00:00
main_grid,mnasnet,grid_a64_s16_user,vanilla,1,64,16,USER,ws,0,10000000,20000000,40,7200.113,,timeout,True,,,,/data/grizos/SCALE-Sim/topologies/conv_nets/MnasNet.csv,/data/grizos/Scale-Sim-SPM/benchmarks/results_new/cfgs/mnasnet__grid_a64_s16_user__vanilla__rep1.cfg,/data/grizos/Scale-Sim-SPM/benchmarks/results_new/runs/vanilla/mnasnet__grid_a64_s16_user__vanilla__rep1,/data/grizos/Scale-Sim-SPM/benchmarks/results_new/logs/vanilla/mnasnet__grid_a64_s16_user__vanilla__rep1.log,1.24.4,wil,3.8.10,x86_64,2026-09-29T16:24:34.590446+00:00
main_grid,mnasnet,grid_a64_s16_user,optimized,1,64,16,USER,ws,0,10000000,20000000,40,737.371,0,ok,False,192884501,192966540,52,/data/grizos/Scale-Sim-SPM/topologies/conv_nets/MnasNet.csv,/data/grizos/Scale-Sim-SPM/benchmarks/results_new/cfgs/mnasnet__grid_a64_s16_user__optimized__rep1.cfg,/data/grizos/Scale-Sim-SPM/benchmarks/results_new/runs/optimized/mnasnet__grid_a64_s16_user__optimized__rep1,/data/grizos/Scale-Sim-SPM/benchmarks/results_new/logs/optimized/mnasnet__grid_a64_s16_user__optimized__rep1.log,1.24.4,wil,3.8.10,x86_64,2026-09-29T16:36:52.333282+00:00
main_grid,mnasnet,grid_a64_s32_user,vanilla,1,64,32,USER,ws,0,10000000,20000000,40,7200.175,,timeout,True,,,,/data/grizos/SCALE-Sim/topologies/conv_nets/MnasNet.csv,/data/grizos/Scale-Sim-SPM/benchmarks/results_new/cfgs/mnasnet__grid_a64_s32_user__vanilla__rep1.cfg,/data/grizos/Scale-Sim-SPM/benchmarks/results_new/runs/vanilla/mnasnet__grid_a64_s32_user__vanilla__rep1,/data/grizos/Scale-Sim-SPM/benchmarks/results_new/logs/vanilla/mnasnet__grid_a64_s32_user__vanilla__rep1.log,1.24.4,wil,3.8.10,x86_64,2026-09-29T18:36:54.367513+00:00
main_grid,mnasnet,grid_a64_s32_user,optimized,1,64,32,USER,ws,0,10000000,20000000,40,587.0,0,ok,False,115522538,115677062,52,/data/grizos/Scale-Sim-SPM/topologies/conv_nets/MnasNet.csv,/data/grizos/Scale-Sim-SPM/benchmarks/results_new/cfgs/mnasnet__grid_a64_s32_user__optimized__rep1.cfg,/data/grizos/Scale-Sim-SPM/benchmarks/results_new/runs/optimized/mnasnet__grid_a64_s32_user__optimized__rep1,/data/grizos/Scale-Sim-SPM/benchmarks/results_new/logs/optimized/mnasnet__grid_a64_s32_user__optimized__rep1.log,1.24.4,wil,3.8.10,x86_64,2026-09-29T18:46:41.814534+00:00
main_grid,mnasnet,grid_a64_s64_user,vanilla,1,64,64,USER,ws,0,10000000,20000000,40,1184.012,0,ok,False,53255202,53581583,52,/data/grizos/SCALE-Sim/topologies/conv_nets/MnasNet.csv,/data/grizos/Scale-Sim-SPM/benchmarks/results_new/cfgs/mnasnet__grid_a64_s64_user__vanilla__rep1.cfg,/data/grizos/Scale-Sim-SPM/benchmarks/results_new/runs/vanilla/mnasnet__grid_a64_s64_user__vanilla__rep1,/data/grizos/Scale-Sim-SPM/benchmarks/results_new/logs/vanilla/mnasnet__grid_a64_s64_user__vanilla__rep1.log,1.24.4,wil,3.8.10,x86_64,2026-09-29T19:06:26.999304+00:00
main_grid,mnasnet,grid_a64_s64_user,optimized,1,64,64,USER,ws,0,10000000,20000000,40,295.163,0,ok,False,53255202,53581583,52,/data/grizos/Scale-Sim-SPM/topologies/conv_nets/MnasNet.csv,/data/grizos/Scale-Sim-SPM/benchmarks/results_new/cfgs/mnasnet__grid_a64_s64_user__optimized__rep1.cfg,/data/grizos/Scale-Sim-SPM/benchmarks/results_new/runs/optimized/mnasnet__grid_a64_s64_user__optimized__rep1,/data/grizos/Scale-Sim-SPM/benchmarks/results_new/logs/optimized/mnasnet__grid_a64_s64_user__optimized__rep1.log,1.24.4,wil,3.8.10,x86_64,2026-09-29T19:11:22.841998+00:00
main_grid,mnasnet,grid_a64_s128_user,vanilla,1,64,128,USER,ws,0,10000000,20000000,40,641.503,0,ok,False,40088533,40668915,52,/data/grizos/SCALE-Sim/topologies/conv_nets/MnasNet.csv,/data/grizos/Scale-Sim-SPM/benchmarks/results_new/cfgs/mnasnet__grid_a64_s128_user__vanilla__rep1.cfg,/data/grizos/Scale-Sim-SPM/benchmarks/results_new/runs/vanilla/mnasnet__grid_a64_s128_user__vanilla__rep1,/data/grizos/Scale-Sim-SPM/benchmarks/results_new/logs/vanilla/mnasnet__grid_a64_s128_user__vanilla__rep1.log,1.24.4,wil,3.8.10,x86_64,2026-09-29T19:22:05.059016+00:00
main_grid,mnasnet,grid_a64_s128_user,optimized,1,64,128,USER,ws,0,10000000,20000000,40,259.944,0,ok,False,40088533,40668915,52,/data/grizos/Scale-Sim-SPM/topologies/conv_nets/MnasNet.csv,/data/grizos/Scale-Sim-SPM/benchmarks/results_new/cfgs/mnasnet__grid_a64_s128_user__optimized__rep1.cfg,/data/grizos/Scale-Sim-SPM/benchmarks/results_new/runs/optimized/mnasnet__grid_a64_s128_user__optimized__rep1,/data/grizos/Scale-Sim-SPM/benchmarks/results_new/logs/optimized/mnasnet__grid_a64_s128_user__optimized__rep1.log,1.24.4,wil,3.8.10,x86_64,2026-09-29T19:26:25.535810+00:00
main_grid,mnasnet,grid_a64_s256_user,vanilla,1,64,256,USER,ws,0,10000000,20000000,40,426.2,0,ok,False,28875818,29852515,52,/data/grizos/SCALE-Sim/topologies/conv_nets/MnasNet.csv,/data/grizos/Scale-Sim-SPM/benchmarks/results_new/cfgs/mnasnet__grid_a64_s256_user__vanilla__rep1.cfg,/data/grizos/Scale-Sim-SPM/benchmarks/results_new/runs/vanilla/mnasnet__grid_a64_s256_user__vanilla__rep1,/data/grizos/Scale-Sim-SPM/benchmarks/results_new/logs/vanilla/mnasnet__grid_a64_s256_user__vanilla__rep1.log,1.24.4,wil,3.8.10,x86_64,2026-09-29T19:33:32.264742+00:00
main_grid,mnasnet,grid_a64_s256_user,optimized,1,64,256,USER,ws,0,10000000,20000000,40,226.534,0,ok,False,28875818,29852515,52,/data/grizos/Scale-Sim-SPM/topologies/conv_nets/MnasNet.csv,/data/grizos/Scale-Sim-SPM/benchmarks/results_new/cfgs/mnasnet__grid_a64_s256_user__optimized__rep1.cfg,/data/grizos/Scale-Sim-SPM/benchmarks/results_new/runs/optimized/mnasnet__grid_a64_s256_user__optimized__rep1,/data/grizos/Scale-Sim-SPM/benchmarks/results_new/logs/optimized/mnasnet__grid_a64_s256_user__optimized__rep1.log,1.24.4,wil,3.8.10,x86_64,2026-09-29T19:37:19.240370+00:00
main_grid,mnasnet,grid_a16_s64_calc,vanilla,1,16,64,CALC,ws,0,10000000,20000000,40,318.552,0,ok,False,3962242,4200725,52,/data/grizos/SCALE-Sim/topologies/conv_nets/MnasNet.csv,/data/grizos/Scale-Sim-SPM/benchmarks/results_new/cfgs/mnasnet__grid_a16_s64_calc__vanilla__rep1.cfg,/data/grizos/Scale-Sim-SPM/benchmarks/results_new/runs/vanilla/mnasnet__grid_a16_s64_calc__vanilla__rep1,/data/grizos/Scale-Sim-SPM/benchmarks/results_new/logs/vanilla/mnasnet__grid_a16_s64_calc__vanilla__rep1.log,1.24.4,wil,3.8.10,x86_64,2026-09-29T19:42:38.218596+00:00
main_grid,mnasnet,grid_a16_s64_calc,optimized,1,16,64,CALC,ws,0,10000000,20000000,40,194.073,0,ok,False,3962242,4200725,52,/data/grizos/Scale-Sim-SPM/topologies/conv_nets/MnasNet.csv,/data/grizos/Scale-Sim-SPM/benchmarks/results_new/cfgs/mnasnet__grid_a16_s64_calc__optimized__rep1.cfg,/data/grizos/Scale-Sim-SPM/benchmarks/results_new/runs/optimized/mnasnet__grid_a16_s64_calc__optimized__rep1,/data/grizos/Scale-Sim-SPM/benchmarks/results_new/logs/optimized/mnasnet__grid_a16_s64_calc__optimized__rep1.log,1.24.4,wil,3.8.10,x86_64,2026-09-29T19:45:52.502422+00:00
main_grid,mnasnet,grid_a64_s64_calc,vanilla,1,64,64,CALC,ws,0,10000000,20000000,40,176.526,0,ok,False,1225568,1408791,52,/data/grizos/SCALE-Sim/topologies/conv_nets/MnasNet.csv,/data/grizos/Scale-Sim-SPM/benchmarks/results_new/cfgs/mnasnet__grid_a64_s64_calc__vanilla__rep1.cfg,/data/grizos/Scale-Sim-SPM/benchmarks/results_new/runs/vanilla/mnasnet__grid_a64_s64_calc__vanilla__rep1,/data/grizos/Scale-Sim-SPM/benchmarks/results_new/logs/vanilla/mnasnet__grid_a64_s64_calc__vanilla__rep1.log,1.24.4,wil,3.8.10,x86_64,2026-09-29T19:48:49.188867+00:00
main_grid,mnasnet,grid_a64_s64_calc,optimized,1,64,64,CALC,ws,0,10000000,20000000,40,108.941,0,ok,False,1225568,1408791,52,/data/grizos/Scale-Sim-SPM/topologies/conv_nets/MnasNet.csv,/data/grizos/Scale-Sim-SPM/benchmarks/results_new/cfgs/mnasnet__grid_a64_s64_calc__optimized__rep1.cfg,/data/grizos/Scale-Sim-SPM/benchmarks/results_new/runs/optimized/mnasnet__grid_a64_s64_calc__optimized__rep1,/data/grizos/Scale-Sim-SPM/benchmarks/results_new/logs/optimized/mnasnet__grid_a64_s64_calc__optimized__rep1.log,1.24.4,wil,3.8.10,x86_64,2026-09-29T19:50:38.292194+00:00
main_grid,mnasnet,ctrl_offset_shift,vanilla,1,32,64,CALC,ws,5000000,15000000,25000000,40,211.539,0,ok,False,1990066,2188579,52,/data/grizos/SCALE-Sim/topologies/conv_nets/MnasNet.csv,/data/grizos/Scale-Sim-SPM/benchmarks/results_new/cfgs/mnasnet__ctrl_offset_shift__vanilla__rep1.cfg,/data/grizos/Scale-Sim-SPM/benchmarks/results_new/runs/vanilla/mnasnet__ctrl_offset_shift__vanilla__rep1,/data/grizos/Scale-Sim-SPM/benchmarks/results_new/logs/vanilla/mnasnet__ctrl_offset_shift__vanilla__rep1.log,1.24.4,wil,3.8.10,x86_64,2026-09-29T19:54:09.991987+00:00
main_grid,mnasnet,ctrl_offset_shift,optimized,1,32,64,CALC,ws,5000000,15000000,25000000,40,125.131,0,ok,False,1990066,2188579,52,/data/grizos/Scale-Sim-SPM/topologies/conv_nets/MnasNet.csv,/data/grizos/Scale-Sim-SPM/benchmarks/results_new/cfgs/mnasnet__ctrl_offset_shift__optimized__rep1.cfg,/data/grizos/Scale-Sim-SPM/benchmarks/results_new/runs/optimized/mnasnet__ctrl_offset_shift__optimized__rep1,/data/grizos/Scale-Sim-SPM/benchmarks/results_new/logs/optimized/mnasnet__ctrl_offset_shift__optimized__rep1.log,1.24.4,wil,3.8.10,x86_64,2026-09-29T19:56:15.294861+00:00
main_grid,mnasnet,ctrl_seed_alt,vanilla,1,32,64,CALC,ws,0,10000000,20000000,777,210.189,0,ok,False,1990066,2188579,52,/data/grizos/SCALE-Sim/topologies/conv_nets/MnasNet.csv,/data/grizos/Scale-Sim-SPM/benchmarks/results_new/cfgs/mnasnet__ctrl_seed_alt__vanilla__rep1.cfg,/data/grizos/Scale-Sim-SPM/benchmarks/results_new/runs/vanilla/mnasnet__ctrl_seed_alt__vanilla__rep1,/data/grizos/Scale-Sim-SPM/benchmarks/results_new/logs/vanilla/mnasnet__ctrl_seed_alt__vanilla__rep1.log,1.24.4,wil,3.8.10,x86_64,2026-09-29T19:59:45.655435+00:00
main_grid,mnasnet,ctrl_seed_alt,optimized,1,32,64,CALC,ws,0,10000000,20000000,777,121.932,0,ok,False,1990066,2188579,52,/data/grizos/Scale-Sim-SPM/topologies/conv_nets/MnasNet.csv,/data/grizos/Scale-Sim-SPM/benchmarks/results_new/cfgs/mnasnet__ctrl_seed_alt__optimized__rep1.cfg,/data/grizos/Scale-Sim-SPM/benchmarks/results_new/runs/optimized/mnasnet__ctrl_seed_alt__optimized__rep1,/data/grizos/Scale-Sim-SPM/benchmarks/results_new/logs/optimized/mnasnet__ctrl_seed_alt__optimized__rep1.log,1.24.4,wil,3.8.10,x86_64,2026-09-29T20:01:47.747233+00:00
main_grid,alexnet,anchor,vanilla,1,32,64,CALC,ws,0,10000000,20000000,40,161.284,0,ok,False,1136239,1156844,5,/data/grizos/SCALE-Sim/topologies/conv_nets/alexnet.csv,/data/grizos/Scale-Sim-SPM/benchmarks/results_new/cfgs/alexnet__anchor__vanilla__rep1.cfg,/data/grizos/Scale-Sim-SPM/benchmarks/results_new/runs/vanilla/alexnet__anchor__vanilla__rep1,/data/grizos/Scale-Sim-SPM/benchmarks/results_new/logs/vanilla/alexnet__anchor__vanilla__rep1.log,1.24.4,wil,3.8.10,x86_64,2026-09-29T20:04:29.189646+00:00
main_grid,alexnet,anchor,optimized,1,32,64,CALC,ws,0,10000000,20000000,40,93.415,0,ok,False,1136239,1156844,5,/data/grizos/Scale-Sim-SPM/topologies/conv_nets/alexnet.csv,/data/grizos/Scale-Sim-SPM/benchmarks/results_new/cfgs/alexnet__anchor__optimized__rep1.cfg,/data/grizos/Scale-Sim-SPM/benchmarks/results_new/runs/optimized/alexnet__anchor__optimized__rep1,/data/grizos/Scale-Sim-SPM/benchmarks/results_new/logs/optimized/alexnet__anchor__optimized__rep1.log,1.24.4,wil,3.8.10,x86_64,2026-09-29T20:06:02.743847+00:00
main_grid,alexnet,grid_a16_s16_user,vanilla,1,16,16,USER,ws,0,10000000,20000000,40,7200.058,,timeout,True,,,,/data/grizos/SCALE-Sim/topologies/conv_nets/alexnet.csv,/data/grizos/Scale-Sim-SPM/benchmarks/results_new/cfgs/alexnet__grid_a16_s16_user__vanilla__rep1.cfg,/data/grizos/Scale-Sim-SPM/benchmarks/results_new/runs/vanilla/alexnet__grid_a16_s16_user__vanilla__rep1,/data/grizos/Scale-Sim-SPM/benchmarks/results_new/logs/vanilla/alexnet__grid_a16_s16_user__vanilla__rep1.log,1.24.4,wil,3.8.10,x86_64,2026-09-29T22:06:02.939795+00:00
main_grid,alexnet,grid_a16_s16_user,optimized,1,16,16,USER,ws,0,10000000,20000000,40,1217.414,0,ok,False,245812832,245822789,5,/data/grizos/Scale-Sim-SPM/topologies/conv_nets/alexnet.csv,/data/grizos/Scale-Sim-SPM/benchmarks/results_new/cfgs/alexnet__grid_a16_s16_user__optimized__rep1.cfg,/data/grizos/Scale-Sim-SPM/benchmarks/results_new/runs/optimized/alexnet__grid_a16_s16_user__optimized__rep1,/data/grizos/Scale-Sim-SPM/benchmarks/results_new/logs/optimized/alexnet__grid_a16_s16_user__optimized__rep1.log,1.24.4,wil,3.8.10,x86_64,2026-09-29T22:26:20.402995+00:00
main_grid,alexnet,grid_a16_s32_user,vanilla,1,16,32,USER,ws,0,10000000,20000000,40,7200.06,,timeout,True,,,,/data/grizos/SCALE-Sim/topologies/conv_nets/alexnet.csv,/data/grizos/Scale-Sim-SPM/benchmarks/results_new/cfgs/alexnet__grid_a16_s32_user__vanilla__rep1.cfg,/data/grizos/Scale-Sim-SPM/benchmarks/results_new/runs/vanilla/alexnet__grid_a16_s32_user__vanilla__rep1,/data/grizos/Scale-Sim-SPM/benchmarks/results_new/logs/vanilla/alexnet__grid_a16_s32_user__vanilla__rep1.log,1.24.4,wil,3.8.10,x86_64,2026-09-30T00:26:23.749770+00:00
main_grid,alexnet,grid_a16_s32_user,optimized,1,16,32,USER,ws,0,10000000,20000000,40,794.083,0,ok,False,165856586,165872390,5,/data/grizos/Scale-Sim-SPM/topologies/conv_nets/alexnet.csv,/data/grizos/Scale-Sim-SPM/benchmarks/results_new/cfgs/alexnet__grid_a16_s32_user__optimized__rep1.cfg,/data/grizos/Scale-Sim-SPM/benchmarks/results_new/runs/optimized/alexnet__grid_a16_s32_user__optimized__rep1,/data/grizos/Scale-Sim-SPM/benchmarks/results_new/logs/optimized/alexnet__grid_a16_s32_user__optimized__rep1.log,1.24.4,wil,3.8.10,x86_64,2026-09-30T00:39:38.378133+00:00
main_grid,alexnet,grid_a16_s64_user,vanilla,1,16,64,USER,ws,0,10000000,20000000,40,5424.846,0,ok,False,62148793,62185901,5,/data/grizos/SCALE-Sim/topologies/conv_nets/alexnet.csv,/data/grizos/Scale-Sim-SPM/benchmarks/results_new/cfgs/alexnet__grid_a16_s64_user__vanilla__rep1.cfg,/data/grizos/Scale-Sim-SPM/benchmarks/results_new/runs/vanilla/alexnet__grid_a16_s64_user__vanilla__rep1,/data/grizos/Scale-Sim-SPM/benchmarks/results_new/logs/vanilla/alexnet__grid_a16_s64_user__vanilla__rep1.log,1.24.4,wil,3.8.10,x86_64,2026-09-30T02:10:05.481682+00:00
main_grid,alexnet,grid_a16_s64_user,optimized,1,16,64,USER,ws,0,10000000,20000000,40,462.644,0,ok,False,62148793,62185901,5,/data/grizos/Scale-Sim-SPM/topologies/conv_nets/alexnet.csv,/data/grizos/Scale-Sim-SPM/benchmarks/results_new/cfgs/alexnet__grid_a16_s64_user__optimized__rep1.cfg,/data/grizos/Scale-Sim-SPM/benchmarks/results_new/runs/optimized/alexnet__grid_a16_s64_user__optimized__rep1,/data/grizos/Scale-Sim-SPM/benchmarks/results_new/logs/optimized/alexnet__grid_a16_s64_user__optimized__rep1.log,1.24.4,wil,3.8.10,x86_64,2026-09-30T02:17:49.207830+00:00
main_grid,alexnet,grid_a16_s128_user,vanilla,1,16,128,USER,ws,0,10000000,20000000,40,618.818,0,ok,False,12446994,12519213,5,/data/grizos/SCALE-Sim/topologies/conv_nets/alexnet.csv,/data/grizos/Scale-Sim-SPM/benchmarks/results_new/cfgs/alexnet__grid_a16_s128_user__vanilla__rep1.cfg,/data/grizos/Scale-Sim-SPM/benchmarks/results_new/runs/vanilla/alexnet__grid_a16_s128_user__vanilla__rep1,/data/grizos/Scale-Sim-SPM/benchmarks/results_new/logs/vanilla/alexnet__grid_a16_s128_user__vanilla__rep1.log,1.24.4,wil,3.8.10,x86_64,2026-09-30T02:28:09.095546+00:00
main_grid,alexnet,grid_a16_s128_user,optimized,1,16,128,USER,ws,0,10000000,20000000,40,284.824,0,ok,False,12446994,12519213,5,/data/grizos/Scale-Sim-SPM/topologies/conv_nets/alexnet.csv,/data/grizos/Scale-Sim-SPM/benchmarks/results_new/cfgs/alexnet__grid_a16_s128_user__optimized__rep1.cfg,/data/grizos/Scale-Sim-SPM/benchmarks/results_new/runs/optimized/alexnet__grid_a16_s128_user__optimized__rep1,/data/grizos/Scale-Sim-SPM/benchmarks/results_new/logs/optimized/alexnet__grid_a16_s128_user__optimized__rep1.log,1.24.4,wil,3.8.10,x86_64,2026-09-30T02:32:54.315649+00:00
main_grid,alexnet,grid_a16_s256_user,vanilla,1,16,256,USER,ws,0,10000000,20000000,40,517.424,0,ok,False,9309274,9461205,5,/data/grizos/SCALE-Sim/topologies/conv_nets/alexnet.csv,/data/grizos/Scale-Sim-SPM/benchmarks/results_new/cfgs/alexnet__grid_a16_s256_user__vanilla__rep1.cfg,/data/grizos/Scale-Sim-SPM/benchmarks/results_new/runs/vanilla/alexnet__grid_a16_s256_user__vanilla__rep1,/data/grizos/Scale-Sim-SPM/benchmarks/results_new/logs/vanilla/alexnet__grid_a16_s256_user__vanilla__rep1.log,1.24.4,wil,3.8.10,x86_64,2026-09-30T02:41:32.136994+00:00
main_grid,alexnet,grid_a16_s256_user,optimized,1,16,256,USER,ws,0,10000000,20000000,40,265.548,0,ok,False,9309274,9461205,5,/data/grizos/Scale-Sim-SPM/topologies/conv_nets/alexnet.csv,/data/grizos/Scale-Sim-SPM/benchmarks/results_new/cfgs/alexnet__grid_a16_s256_user__optimized__rep1.cfg,/data/grizos/Scale-Sim-SPM/benchmarks/results_new/runs/optimized/alexnet__grid_a16_s256_user__optimized__rep1,/data/grizos/Scale-Sim-SPM/benchmarks/results_new/logs/optimized/alexnet__grid_a16_s256_user__optimized__rep1.log,1.24.4,wil,3.8.10,x86_64,2026-09-30T02:45:58.020909+00:00
main_grid,alexnet,grid_a32_s16_user,vanilla,1,32,16,USER,ws,0,10000000,20000000,40,7200.047,,timeout,True,,,,/data/grizos/SCALE-Sim/topologies/conv_nets/alexnet.csv,/data/grizos/Scale-Sim-SPM/benchmarks/results_new/cfgs/alexnet__grid_a32_s16_user__vanilla__rep1.cfg,/data/grizos/Scale-Sim-SPM/benchmarks/results_new/runs/vanilla/alexnet__grid_a32_s16_user__vanilla__rep1,/data/grizos/Scale-Sim-SPM/benchmarks/results_new/logs/vanilla/alexnet__grid_a32_s16_user__vanilla__rep1.log,1.24.4,wil,3.8.10,x86_64,2026-09-30T04:45:58.421243+00:00
main_grid,alexnet,grid_a32_s16_user,optimized,1,32,16,USER,ws,0,10000000,20000000,40,873.685,0,ok,False,225039631,225049771,5,/data/grizos/Scale-Sim-SPM/topologies/conv_nets/alexnet.csv,/data/grizos/Scale-Sim-SPM/benchmarks/results_new/cfgs/alexnet__grid_a32_s16_user__optimized__rep1.cfg,/data/grizos/Scale-Sim-SPM/benchmarks/results_new/runs/optimized/alexnet__grid_a32_s16_user__optimized__rep1,/data/grizos/Scale-Sim-SPM/benchmarks/results_new/logs/optimized/alexnet__grid_a32_s16_user__optimized__rep1.log,1.24.4,wil,3.8.10,x86_64,2026-09-30T05:00:32.141899+00:00
main_grid,alexnet,grid_a32_s32_user,vanilla,1,32,32,USER,ws,0,10000000,20000000,40,7200.074,,timeout,True,,,,/data/grizos/SCALE-Sim/topologies/conv_nets/alexnet.csv,/data/grizos/Scale-Sim-SPM/benchmarks/results_new/cfgs/alexnet__grid_a32_s32_user__vanilla__rep1.cfg,/data/grizos/Scale-Sim-SPM/benchmarks/results_new/runs/vanilla/alexnet__grid_a32_s32_user__vanilla__rep1,/data/grizos/Scale-Sim-SPM/benchmarks/results_new/logs/vanilla/alexnet__grid_a32_s32_user__vanilla__rep1.log,1.24.4,wil,3.8.10,x86_64,2026-09-30T07:00:35.101648+00:00
main_grid,alexnet,grid_a32_s32_user,optimized,1,32,32,USER,ws,0,10000000,20000000,40,572.688,0,ok,False,134352698,134370054,5,/data/grizos/Scale-Sim-SPM/topologies/conv_nets/alexnet.csv,/data/grizos/Scale-Sim-SPM/benchmarks/results_new/cfgs/alexnet__grid_a32_s32_user__optimized__rep1.cfg,/data/grizos/Scale-Sim-SPM/benchmarks/results_new/runs/optimized/alexnet__grid_a32_s32_user__optimized__rep1,/data/grizos/Scale-Sim-SPM/benchmarks/results_new/logs/optimized/alexnet__grid_a32_s32_user__optimized__rep1.log,1.24.4,wil,3.8.10,x86_64,2026-09-30T07:10:08.109125+00:00
main_grid,alexnet,grid_a32_s64_user,vanilla,1,32,64,USER,ws,0,10000000,20000000,40,765.247,0,ok,False,18782453,18819991,5,/data/grizos/SCALE-Sim/topologies/conv_nets/alexnet.csv,/data/grizos/Scale-Sim-SPM/benchmarks/results_new/cfgs/alexnet__grid_a32_s64_user__vanilla__rep1.cfg,/data/grizos/Scale-Sim-SPM/benchmarks/results_new/runs/vanilla/alexnet__grid_a32_s64_user__vanilla__rep1,/data/grizos/Scale-Sim-SPM/benchmarks/results_new/logs/vanilla/alexnet__grid_a32_s64_user__vanilla__rep1.log,1.24.4,wil,3.8.10,x86_64,2026-09-30T07:22:55.187971+00:00
main_grid,alexnet,grid_a32_s64_user,optimized,1,32,64,USER,ws,0,10000000,20000000,40,205.455,0,ok,False,18782453,18819991,5,/data/grizos/Scale-Sim-SPM/topologies/conv_nets/alexnet.csv,/data/grizos/Scale-Sim-SPM/benchmarks/results_new/cfgs/alexnet__grid_a32_s64_user__optimized__rep1.cfg,/data/grizos/Scale-Sim-SPM/benchmarks/results_new/runs/optimized/alexnet__grid_a32_s64_user__optimized__rep1,/data/grizos/Scale-Sim-SPM/benchmarks/results_new/logs/optimized/alexnet__grid_a32_s64_user__optimized__rep1.log,1.24.4,wil,3.8.10,x86_64,2026-09-30T07:26:21.085039+00:00
main_grid,alexnet,grid_a32_s128_user,vanilla,1,32,128,USER,ws,0,10000000,20000000,40,293.773,0,ok,False,11602835,11676357,5,/data/grizos/SCALE-Sim/topologies/conv_nets/alexnet.csv,/data/grizos/Scale-Sim-SPM/benchmarks/results_new/cfgs/alexnet__grid_a32_s128_user__vanilla__rep1.cfg,/data/grizos/Scale-Sim-SPM/benchmarks/results_new/runs/vanilla/alexnet__grid_a32_s128_user__vanilla__rep1,/data/grizos/Scale-Sim-SPM/benchmarks/results_new/logs/vanilla/alexnet__grid_a32_s128_user__vanilla__rep1.log,1.24.4,wil,3.8.10,x86_64,2026-09-30T07:31:15.329210+00:00
main_grid,alexnet,grid_a32_s128_user,optimized,1,32,128,USER,ws,0,10000000,20000000,40,153.241,0,ok,False,11602835,11676357,5,/data/grizos/Scale-Sim-SPM/topologies/conv_nets/alexnet.csv,/data/grizos/Scale-Sim-SPM/benchmarks/results_new/cfgs/alexnet__grid_a32_s128_user__optimized__rep1.cfg,/data/grizos/Scale-Sim-SPM/benchmarks/results_new/runs/optimized/alexnet__grid_a32_s128_user__optimized__rep1,/data/grizos/Scale-Sim-SPM/benchmarks/results_new/logs/optimized/alexnet__grid_a32_s128_user__optimized__rep1.log,1.24.4,wil,3.8.10,x86_64,2026-09-30T07:33:48.846521+00:00
main_grid,alexnet,grid_a32_s256_user,vanilla,1,32,256,USER,ws,0,10000000,20000000,40,227.713,0,ok,False,8161096,8294654,5,/data/grizos/SCALE-Sim/topologies/conv_nets/alexnet.csv,/data/grizos/Scale-Sim-SPM/benchmarks/results_new/cfgs/alexnet__grid_a32_s256_user__vanilla__rep1.cfg,/data/grizos/Scale-Sim-SPM/benchmarks/results_new/runs/vanilla/alexnet__grid_a32_s256_user__vanilla__rep1,/data/grizos/Scale-Sim-SPM/benchmarks/results_new/logs/vanilla/alexnet__grid_a32_s256_user__vanilla__rep1.log,1.24.4,wil,3.8.10,x86_64,2026-09-30T07:37:36.834580+00:00
main_grid,alexnet,grid_a32_s256_user,optimized,1,32,256,USER,ws,0,10000000,20000000,40,135.308,0,ok,False,8161096,8294654,5,/data/grizos/Scale-Sim-SPM/topologies/conv_nets/alexnet.csv,/data/grizos/Scale-Sim-SPM/benchmarks/results_new/cfgs/alexnet__grid_a32_s256_user__optimized__rep1.cfg,/data/grizos/Scale-Sim-SPM/benchmarks/results_new/runs/optimized/alexnet__grid_a32_s256_user__optimized__rep1,/data/grizos/Scale-Sim-SPM/benchmarks/results_new/logs/optimized/alexnet__grid_a32_s256_user__optimized__rep1.log,1.24.4,wil,3.8.10,x86_64,2026-09-30T07:39:52.332441+00:00
main_grid,alexnet,grid_a64_s16_user,vanilla,1,64,16,USER,ws,0,10000000,20000000,40,7200.054,,timeout,True,,,,/data/grizos/SCALE-Sim/topologies/conv_nets/alexnet.csv,/data/grizos/Scale-Sim-SPM/benchmarks/results_new/cfgs/alexnet__grid_a64_s16_user__vanilla__rep1.cfg,/data/grizos/Scale-Sim-SPM/benchmarks/results_new/runs/vanilla/alexnet__grid_a64_s16_user__vanilla__rep1,/data/grizos/Scale-Sim-SPM/benchmarks/results_new/logs/vanilla/alexnet__grid_a64_s16_user__vanilla__rep1.log,1.24.4,wil,3.8.10,x86_64,2026-09-30T09:39:52.613884+00:00
main_grid,alexnet,grid_a64_s16_user,optimized,1,64,16,USER,ws,0,10000000,20000000,40,328.001,0,ok,False,63109240,63119092,5,/data/grizos/Scale-Sim-SPM/topologies/conv_nets/alexnet.csv,/data/grizos/Scale-Sim-SPM/benchmarks/results_new/cfgs/alexnet__grid_a64_s16_user__optimized__rep1.cfg,/data/grizos/Scale-Sim-SPM/benchmarks/results_new/runs/optimized/alexnet__grid_a64_s16_user__optimized__rep1,/data/grizos/Scale-Sim-SPM/benchmarks/results_new/logs/optimized/alexnet__grid_a64_s16_user__optimized__rep1.log,1.24.4,wil,3.8.10,x86_64,2026-09-30T09:45:21.045945+00:00
main_grid,alexnet,grid_a64_s32_user,vanilla,1,64,32,USER,ws,0,10000000,20000000,40,2250.497,0,ok,False,28652586,28671388,5,/data/grizos/SCALE-Sim/topologies/conv_nets/alexnet.csv,/data/grizos/Scale-Sim-SPM/benchmarks/results_new/cfgs/alexnet__grid_a64_s32_user__vanilla__rep1.cfg,/data/grizos/Scale-Sim-SPM/benchmarks/results_new/runs/vanilla/alexnet__grid_a64_s32_user__vanilla__rep1,/data/grizos/Scale-Sim-SPM/benchmarks/results_new/logs/vanilla/alexnet__grid_a64_s32_user__vanilla__rep1.log,1.24.4,wil,3.8.10,x86_64,2026-09-30T10:22:52.522912+00:00
main_grid,alexnet,grid_a64_s32_user,optimized,1,64,32,USER,ws,0,10000000,20000000,40,201.314,0,ok,False,28652586,28671388,5,/data/grizos/Scale-Sim-SPM/topologies/conv_nets/alexnet.csv,/data/grizos/Scale-Sim-SPM/benchmarks/results_new/cfgs/alexnet__grid_a64_s32_user__optimized__rep1.cfg,/data/grizos/Scale-Sim-SPM/benchmarks/results_new/runs/optimized/alexnet__grid_a64_s32_user__optimized__rep1,/data/grizos/Scale-Sim-SPM/benchmarks/results_new/logs/optimized/alexnet__grid_a64_s32_user__optimized__rep1.log,1.24.4,wil,3.8.10,x86_64,2026-09-30T10:26:14.416524+00:00
main_grid,alexnet,grid_a64_s64_user,vanilla,1,64,64,USER,ws,0,10000000,20000000,40,980.11,0,ok,False,23020700,23055977,5,/data/grizos/SCALE-Sim/topologies/conv_nets/alexnet.csv,/data/grizos/Scale-Sim-SPM/benchmarks/results_new/cfgs/alexnet__grid_a64_s64_user__vanilla__rep1.cfg,/data/grizos/Scale-Sim-SPM/benchmarks/results_new/runs/vanilla/alexnet__grid_a64_s64_user__vanilla__rep1,/data/grizos/Scale-Sim-SPM/benchmarks/results_new/logs/vanilla/alexnet__grid_a64_s64_user__vanilla__rep1.log,1.24.4,wil,3.8.10,x86_64,2026-09-30T10:42:35.095331+00:00
main_grid,alexnet,grid_a64_s64_user,optimized,1,64,64,USER,ws,0,10000000,20000000,40,176.704,0,ok,False,23020700,23055977,5,/data/grizos/Scale-Sim-SPM/topologies/conv_nets/alexnet.csv,/data/grizos/Scale-Sim-SPM/benchmarks/results_new/cfgs/alexnet__grid_a64_s64_user__optimized__rep1.cfg,/data/grizos/Scale-Sim-SPM/benchmarks/results_new/runs/optimized/alexnet__grid_a64_s64_user__optimized__rep1,/data/grizos/Scale-Sim-SPM/benchmarks/results_new/logs/optimized/alexnet__grid_a64_s64_user__optimized__rep1.log,1.24.4,wil,3.8.10,x86_64,2026-09-30T10:45:32.290532+00:00
main_grid,alexnet,grid_a64_s128_user,vanilla,1,64,128,USER,ws,0,10000000,20000000,40,193.305,0,ok,False,10444404,10510750,5,/data/grizos/SCALE-Sim/topologies/conv_nets/alexnet.csv,/data/grizos/Scale-Sim-SPM/benchmarks/results_new/cfgs/alexnet__grid_a64_s128_user__vanilla__rep1.cfg,/data/grizos/Scale-Sim-SPM/benchmarks/results_new/runs/vanilla/alexnet__grid_a64_s128_user__vanilla__rep1,/data/grizos/Scale-Sim-SPM/benchmarks/results_new/logs/vanilla/alexnet__grid_a64_s128_user__vanilla__rep1.log,1.24.4,wil,3.8.10,x86_64,2026-09-30T10:48:46.080498+00:00
main_grid,alexnet,grid_a64_s128_user,optimized,1,64,128,USER,ws,0,10000000,20000000,40,103.541,0,ok,False,10444404,10510750,5,/data/grizos/Scale-Sim-SPM/topologies/conv_nets/alexnet.csv,/data/grizos/Scale-Sim-SPM/benchmarks/results_new/cfgs/alexnet__grid_a64_s128_user__optimized__rep1.cfg,/data/grizos/Scale-Sim-SPM/benchmarks/results_new/runs/optimized/alexnet__grid_a64_s128_user__optimized__rep1,/data/grizos/Scale-Sim-SPM/benchmarks/results_new/logs/optimized/alexnet__grid_a64_s128_user__optimized__rep1.log,1.24.4,wil,3.8.10,x86_64,2026-09-30T10:50:29.855483+00:00
main_grid,alexnet,grid_a64_s256_user,vanilla,1,64,256,USER,ws,0,10000000,20000000,40,137.738,0,ok,False,8390670,8520465,5,/data/grizos/SCALE-Sim/topologies/conv_nets/alexnet.csv,/data/grizos/Scale-Sim-SPM/benchmarks/results_new/cfgs/alexnet__grid_a64_s256_user__vanilla__rep1.cfg,/data/grizos/Scale-Sim-SPM/benchmarks/results_new/runs/vanilla/alexnet__grid_a64_s256_user__vanilla__rep1,/data/grizos/Scale-Sim-SPM/benchmarks/results_new/logs/vanilla/alexnet__grid_a64_s256_user__vanilla__rep1.log,1.24.4,wil,3.8.10,x86_64,2026-09-30T10:52:47.825776+00:00
main_grid,alexnet,grid_a64_s256_user,optimized,1,64,256,USER,ws,0,10000000,20000000,40,91.548,0,ok,False,8390670,8520465,5,/data/grizos/Scale-Sim-SPM/topologies/conv_nets/alexnet.csv,/data/grizos/Scale-Sim-SPM/benchmarks/results_new/cfgs/alexnet__grid_a64_s256_user__optimized__rep1.cfg,/data/grizos/Scale-Sim-SPM/benchmarks/results_new/runs/optimized/alexnet__grid_a64_s256_user__optimized__rep1,/data/grizos/Scale-Sim-SPM/benchmarks/results_new/logs/optimized/alexnet__grid_a64_s256_user__optimized__rep1.log,1.24.4,wil,3.8.10,x86_64,2026-09-30T10:54:19.562615+00:00
main_grid,alexnet,grid_a16_s64_calc,vanilla,1,16,64,CALC,ws,0,10000000,20000000,40,415.321,0,ok,False,3823825,3848110,5,/data/grizos/SCALE-Sim/topologies/conv_nets/alexnet.csv,/data/grizos/Scale-Sim-SPM/benchmarks/results_new/cfgs/alexnet__grid_a16_s64_calc__vanilla__rep1.cfg,/data/grizos/Scale-Sim-SPM/benchmarks/results_new/runs/vanilla/alexnet__grid_a16_s64_calc__vanilla__rep1,/data/grizos/Scale-Sim-SPM/benchmarks/results_new/logs/vanilla/alexnet__grid_a16_s64_calc__vanilla__rep1.log,1.24.4,wil,3.8.10,x86_64,2026-09-30T11:01:15.038748+00:00
main_grid,alexnet,grid_a16_s64_calc,optimized,1,16,64,CALC,ws,0,10000000,20000000,40,220.711,0,ok,False,3823825,3848110,5,/data/grizos/Scale-Sim-SPM/topologies/conv_nets/alexnet.csv,/data/grizos/Scale-Sim-SPM/benchmarks/results_new/cfgs/alexnet__grid_a16_s64_calc__optimized__rep1.cfg,/data/grizos/Scale-Sim-SPM/benchmarks/results_new/runs/optimized/alexnet__grid_a16_s64_calc__optimized__rep1,/data/grizos/Scale-Sim-SPM/benchmarks/results_new/logs/optimized/alexnet__grid_a16_s64_calc__optimized__rep1.log,1.24.4,wil,3.8.10,x86_64,2026-09-30T11:04:56.007612+00:00
main_grid,alexnet,grid_a64_s64_calc,vanilla,1,64,64,CALC,ws,0,10000000,20000000,40,74.077,0,ok,False,382979,401303,5,/data/grizos/SCALE-Sim/topologies/conv_nets/alexnet.csv,/data/grizos/Scale-Sim-SPM/benchmarks/results_new/cfgs/alexnet__grid_a64_s64_calc__vanilla__rep1.cfg,/data/grizos/Scale-Sim-SPM/benchmarks/results_new/runs/vanilla/alexnet__grid_a64_s64_calc__vanilla__rep1,/data/grizos/Scale-Sim-SPM/benchmarks/results_new/logs/vanilla/alexnet__grid_a64_s64_calc__vanilla__rep1.log,1.24.4,wil,3.8.10,x86_64,2026-09-30T11:06:10.344164+00:00
main_grid,alexnet,grid_a64_s64_calc,optimized,1,64,64,CALC,ws,0,10000000,20000000,40,47.473,0,ok,False,382979,401303,5,/data/grizos/Scale-Sim-SPM/topologies/conv_nets/alexnet.csv,/data/grizos/Scale-Sim-SPM/benchmarks/results_new/cfgs/alexnet__grid_a64_s64_calc__optimized__rep1.cfg,/data/grizos/Scale-Sim-SPM/benchmarks/results_new/runs/optimized/alexnet__grid_a64_s64_calc__optimized__rep1,/data/grizos/Scale-Sim-SPM/benchmarks/results_new/logs/optimized/alexnet__grid_a64_s64_calc__optimized__rep1.log,1.24.4,wil,3.8.10,x86_64,2026-09-30T11:06:57.905497+00:00
main_grid,alexnet,ctrl_offset_shift,vanilla,1,32,64,CALC,ws,5000000,15000000,25000000,40,156.789,0,ok,False,1136239,1156844,5,/data/grizos/SCALE-Sim/topologies/conv_nets/alexnet.csv,/data/grizos/Scale-Sim-SPM/benchmarks/results_new/cfgs/alexnet__ctrl_offset_shift__vanilla__rep1.cfg,/data/grizos/Scale-Sim-SPM/benchmarks/results_new/runs/vanilla/alexnet__ctrl_offset_shift__vanilla__rep1,/data/grizos/Scale-Sim-SPM/benchmarks/results_new/logs/vanilla/alexnet__ctrl_offset_shift__vanilla__rep1.log,1.24.4,wil,3.8.10,x86_64,2026-09-30T11:09:34.775782+00:00
main_grid,alexnet,ctrl_offset_shift,optimized,1,32,64,CALC,ws,5000000,15000000,25000000,40,92.96,0,ok,False,1136239,1156844,5,/data/grizos/Scale-Sim-SPM/topologies/conv_nets/alexnet.csv,/data/grizos/Scale-Sim-SPM/benchmarks/results_new/cfgs/alexnet__ctrl_offset_shift__optimized__rep1.cfg,/data/grizos/Scale-Sim-SPM/benchmarks/results_new/runs/optimized/alexnet__ctrl_offset_shift__optimized__rep1,/data/grizos/Scale-Sim-SPM/benchmarks/results_new/logs/optimized/alexnet__ctrl_offset_shift__optimized__rep1.log,1.24.4,wil,3.8.10,x86_64,2026-09-30T11:11:07.884597+00:00
main_grid,alexnet,ctrl_seed_alt,vanilla,1,32,64,CALC,ws,0,10000000,20000000,777,155.26,0,ok,False,1136239,1156844,5,/data/grizos/SCALE-Sim/topologies/conv_nets/alexnet.csv,/data/grizos/Scale-Sim-SPM/benchmarks/results_new/cfgs/alexnet__ctrl_seed_alt__vanilla__rep1.cfg,/data/grizos/Scale-Sim-SPM/benchmarks/results_new/runs/vanilla/alexnet__ctrl_seed_alt__vanilla__rep1,/data/grizos/Scale-Sim-SPM/benchmarks/results_new/logs/vanilla/alexnet__ctrl_seed_alt__vanilla__rep1.log,1.24.4,wil,3.8.10,x86_64,2026-09-30T11:13:43.294771+00:00
main_grid,alexnet,ctrl_seed_alt,optimized,1,32,64,CALC,ws,0,10000000,20000000,777,89.661,0,ok,False,1136239,1156844,5,/data/grizos/Scale-Sim-SPM/topologies/conv_nets/alexnet.csv,/data/grizos/Scale-Sim-SPM/benchmarks/results_new/cfgs/alexnet__ctrl_seed_alt__optimized__rep1.cfg,/data/grizos/Scale-Sim-SPM/benchmarks/results_new/runs/optimized/alexnet__ctrl_seed_alt__optimized__rep1,/data/grizos/Scale-Sim-SPM/benchmarks/results_new/logs/optimized/alexnet__ctrl_seed_alt__optimized__rep1.log,1.24.4,wil,3.8.10,x86_64,2026-09-30T11:15:13.093891+00:00
main_grid,squeezenet,anchor,vanilla,1,32,64,CALC,ws,0,10000000,20000000,40,136.13,0,ok,False,975658,1074947,26,/data/grizos/SCALE-Sim/topologies/conv_nets/SqueezeNet.csv,/data/grizos/Scale-Sim-SPM/benchmarks/results_new/cfgs/squeezenet__anchor__vanilla__rep1.cfg,/data/grizos/Scale-Sim-SPM/benchmarks/results_new/runs/vanilla/squeezenet__anchor__vanilla__rep1,/data/grizos/Scale-Sim-SPM/benchmarks/results_new/logs/vanilla/squeezenet__anchor__vanilla__rep1.log,1.24.4,wil,3.8.10,x86_64,2026-09-30T11:17:29.363528+00:00
main_grid,squeezenet,anchor,optimized,1,32,64,CALC,ws,0,10000000,20000000,40,83.018,0,ok,False,975658,1074947,26,/data/grizos/Scale-Sim-SPM/topologies/conv_nets/SqueezeNet.csv,/data/grizos/Scale-Sim-SPM/benchmarks/results_new/cfgs/squeezenet__anchor__optimized__rep1.cfg,/data/grizos/Scale-Sim-SPM/benchmarks/results_new/runs/optimized/squeezenet__anchor__optimized__rep1,/data/grizos/Scale-Sim-SPM/benchmarks/results_new/logs/optimized/squeezenet__anchor__optimized__rep1.log,1.24.4,wil,3.8.10,x86_64,2026-09-30T11:18:52.513899+00:00
main_grid,squeezenet,grid_a16_s16_user,vanilla,1,16,16,USER,ws,0,10000000,20000000,40,1020.477,0,ok,False,13108099,13150701,26,/data/grizos/SCALE-Sim/topologies/conv_nets/SqueezeNet.csv,/data/grizos/Scale-Sim-SPM/benchmarks/results_new/cfgs/squeezenet__grid_a16_s16_user__vanilla__rep1.cfg,/data/grizos/Scale-Sim-SPM/benchmarks/results_new/runs/vanilla/squeezenet__grid_a16_s16_user__vanilla__rep1,/data/grizos/Scale-Sim-SPM/benchmarks/results_new/logs/vanilla/squeezenet__grid_a16_s16_user__vanilla__rep1.log,1.24.4,wil,3.8.10,x86_64,2026-09-30T11:35:53.125585+00:00
main_grid,squeezenet,grid_a16_s16_user,optimized,1,16,16,USER,ws,0,10000000,20000000,40,265.466,0,ok,False,13108099,13150701,26,/data/grizos/Scale-Sim-SPM/topologies/conv_nets/SqueezeNet.csv,/data/grizos/Scale-Sim-SPM/benchmarks/results_new/cfgs/squeezenet__grid_a16_s16_user__optimized__rep1.cfg,/data/grizos/Scale-Sim-SPM/benchmarks/results_new/runs/optimized/squeezenet__grid_a16_s16_user__optimized__rep1,/data/grizos/Scale-Sim-SPM/benchmarks/results_new/logs/optimized/squeezenet__grid_a16_s16_user__optimized__rep1.log,1.24.4,wil,3.8.10,x86_64,2026-09-30T11:40:18.944945+00:00
main_grid,squeezenet,grid_a16_s32_user,vanilla,1,16,32,USER,ws,0,10000000,20000000,40,519.746,0,ok,False,7152079,7234723,26,/data/grizos/SCALE-Sim/topologies/conv_nets/SqueezeNet.csv,/data/grizos/Scale-Sim-SPM/benchmarks/results_new/cfgs/squeezenet__grid_a16_s32_user__vanilla__rep1.cfg,/data/grizos/Scale-Sim-SPM/benchmarks/results_new/runs/vanilla/squeezenet__grid_a16_s32_user__vanilla__rep1,/data/grizos/Scale-Sim-SPM/benchmarks/results_new/logs/vanilla/squeezenet__grid_a16_s32_user__vanilla__rep1.log,1.24.4,wil,3.8.10,x86_64,2026-09-30T11:48:59.041501+00:00
main_grid,squeezenet,grid_a16_s32_user,optimized,1,16,32,USER,ws,0,10000000,20000000,40,246.634,0,ok,False,7152079,7234723,26,/data/grizos/Scale-Sim-SPM/topologies/conv_nets/SqueezeNet.csv,/data/grizos/Scale-Sim-SPM/benchmarks/results_new/cfgs/squeezenet__grid_a16_s32_user__optimized__rep1.cfg,/data/grizos/Scale-Sim-SPM/benchmarks/results_new/runs/optimized/squeezenet__grid_a16_s32_user__optimized__rep1,/data/grizos/Scale-Sim-SPM/benchmarks/results_new/logs/optimized/squeezenet__grid_a16_s32_user__optimized__rep1.log,1.24.4,wil,3.8.10,x86_64,2026-09-30T11:53:05.954501+00:00
main_grid,squeezenet,grid_a16_s64_user,vanilla,1,16,64,USER,ws,0,10000000,20000000,40,494.353,0,ok,False,8326811,8494329,26,/data/grizos/SCALE-Sim/topologies/conv_nets/SqueezeNet.csv,/data/grizos/Scale-Sim-SPM/benchmarks/results_new/cfgs/squeezenet__grid_a16_s64_user__vanilla__rep1.cfg,/data/grizos/Scale-Sim-SPM/benchmarks/results_new/runs/vanilla/squeezenet__grid_a16_s64_user__vanilla__rep1,/data/grizos/Scale-Sim-SPM/benchmarks/results_new/logs/vanilla/squeezenet__grid_a16_s64_user__vanilla__rep1.log,1.24.4,wil,3.8.10,x86_64,2026-09-30T12:01:20.582583+00:00
main_grid,squeezenet,grid_a16_s64_user,optimized,1,16,64,USER,ws,0,10000000,20000000,40,242.684,0,ok,False,8326811,8494329,26,/data/grizos/Scale-Sim-SPM/topologies/conv_nets/SqueezeNet.csv,/data/grizos/Scale-Sim-SPM/benchmarks/results_new/cfgs/squeezenet__grid_a16_s64_user__optimized__rep1.cfg,/data/grizos/Scale-Sim-SPM/benchmarks/results_new/runs/optimized/squeezenet__grid_a16_s64_user__optimized__rep1,/data/grizos/Scale-Sim-SPM/benchmarks/results_new/logs/optimized/squeezenet__grid_a16_s64_user__optimized__rep1.log,1.24.4,wil,3.8.10,x86_64,2026-09-30T12:05:23.563155+00:00
main_grid,squeezenet,grid_a16_s128_user,vanilla,1,16,128,USER,ws,0,10000000,20000000,40,474.512,0,ok,False,6973756,7273423,26,/data/grizos/SCALE-Sim/topologies/conv_nets/SqueezeNet.csv,/data/grizos/Scale-Sim-SPM/benchmarks/results_new/cfgs/squeezenet__grid_a16_s128_user__vanilla__rep1.cfg,/data/grizos/Scale-Sim-SPM/benchmarks/results_new/runs/vanilla/squeezenet__grid_a16_s128_user__vanilla__rep1,/data/grizos/Scale-Sim-SPM/benchmarks/results_new/logs/vanilla/squeezenet__grid_a16_s128_user__vanilla__rep1.log,1.24.4,wil,3.8.10,x86_64,2026-09-30T12:13:18.359712+00:00
main_grid,squeezenet,grid_a16_s128_user,optimized,1,16,128,USER,ws,0,10000000,20000000,40,250.783,0,ok,False,6973756,7273423,26,/data/grizos/Scale-Sim-SPM/topologies/conv_nets/SqueezeNet.csv,/data/grizos/Scale-Sim-SPM/benchmarks/results_new/cfgs/squeezenet__grid_a16_s128_user__optimized__rep1.cfg,/data/grizos/Scale-Sim-SPM/benchmarks/results_new/runs/optimized/squeezenet__grid_a16_s128_user__optimized__rep1,/data/grizos/Scale-Sim-SPM/benchmarks/results_new/logs/optimized/squeezenet__grid_a16_s128_user__optimized__rep1.log,1.24.4,wil,3.8.10,x86_64,2026-09-30T12:17:29.438832+00:00
main_grid,squeezenet,grid_a16_s256_user,vanilla,1,16,256,USER,ws,0,10000000,20000000,40,442.653,0,ok,False,6811193,7429775,26,/data/grizos/SCALE-Sim/topologies/conv_nets/SqueezeNet.csv,/data/grizos/Scale-Sim-SPM/benchmarks/results_new/cfgs/squeezenet__grid_a16_s256_user__vanilla__rep1.cfg,/data/grizos/Scale-Sim-SPM/benchmarks/results_new/runs/vanilla/squeezenet__grid_a16_s256_user__vanilla__rep1,/data/grizos/Scale-Sim-SPM/benchmarks/results_new/logs/vanilla/squeezenet__grid_a16_s256_user__vanilla__rep1.log,1.24.4,wil,3.8.10,x86_64,2026-09-30T12:24:52.318137+00:00
main_grid,squeezenet,grid_a16_s256_user,optimized,1,16,256,USER,ws,0,10000000,20000000,40,249.05,0,ok,False,6811193,7429775,26,/data/grizos/Scale-Sim-SPM/topologies/conv_nets/SqueezeNet.csv,/data/grizos/Scale-Sim-SPM/benchmarks/results_new/cfgs/squeezenet__grid_a16_s256_user__optimized__rep1.cfg,/data/grizos/Scale-Sim-SPM/benchmarks/results_new/runs/optimized/squeezenet__grid_a16_s256_user__optimized__rep1,/data/grizos/Scale-Sim-SPM/benchmarks/results_new/logs/optimized/squeezenet__grid_a16_s256_user__optimized__rep1.log,1.24.4,wil,3.8.10,x86_64,2026-09-30T12:29:01.634360+00:00
main_grid,squeezenet,grid_a32_s16_user,vanilla,1,32,16,USER,ws,0,10000000,20000000,40,711.971,0,ok,False,11815018,11864158,26,/data/grizos/SCALE-Sim/topologies/conv_nets/SqueezeNet.csv,/data/grizos/Scale-Sim-SPM/benchmarks/results_new/cfgs/squeezenet__grid_a32_s16_user__vanilla__rep1.cfg,/data/grizos/Scale-Sim-SPM/benchmarks/results_new/runs/vanilla/squeezenet__grid_a32_s16_user__vanilla__rep1,/data/grizos/Scale-Sim-SPM/benchmarks/results_new/logs/vanilla/squeezenet__grid_a32_s16_user__vanilla__rep1.log,1.24.4,wil,3.8.10,x86_64,2026-09-30T12:40:53.868477+00:00
main_grid,squeezenet,grid_a32_s16_user,optimized,1,32,16,USER,ws,0,10000000,20000000,40,147.386,0,ok,False,11815018,11864158,26,/data/grizos/Scale-Sim-SPM/topologies/conv_nets/SqueezeNet.csv,/data/grizos/Scale-Sim-SPM/benchmarks/results_new/cfgs/squeezenet__grid_a32_s16_user__optimized__rep1.cfg,/data/grizos/Scale-Sim-SPM/benchmarks/results_new/runs/optimized/squeezenet__grid_a32_s16_user__optimized__rep1,/data/grizos/Scale-Sim-SPM/benchmarks/results_new/logs/optimized/squeezenet__grid_a32_s16_user__optimized__rep1.log,1.24.4,wil,3.8.10,x86_64,2026-09-30T12:43:21.508043+00:00
main_grid,squeezenet,grid_a32_s32_user,vanilla,1,32,32,USER,ws,0,10000000,20000000,40,219.756,0,ok,False,5003728,5099891,26,/data/grizos/SCALE-Sim/topologies/conv_nets/SqueezeNet.csv,/data/grizos/Scale-Sim-SPM/benchmarks/results_new/cfgs/squeezenet__grid_a32_s32_user__vanilla__rep1.cfg,/data/grizos/Scale-Sim-SPM/benchmarks/results_new/runs/vanilla/squeezenet__grid_a32_s32_user__vanilla__rep1,/data/grizos/Scale-Sim-SPM/benchmarks/results_new/logs/vanilla/squeezenet__grid_a32_s32_user__vanilla__rep1.log,1.24.4,wil,3.8.10,x86_64,2026-09-30T12:47:01.514875+00:00
main_grid,squeezenet,grid_a32_s32_user,optimized,1,32,32,USER,ws,0,10000000,20000000,40,131.282,0,ok,False,5003728,5099891,26,/data/grizos/Scale-Sim-SPM/topologies/conv_nets/SqueezeNet.csv,/data/grizos/Scale-Sim-SPM/benchmarks/results_new/cfgs/squeezenet__grid_a32_s32_user__optimized__rep1.cfg,/data/grizos/Scale-Sim-SPM/benchmarks/results_new/runs/optimized/squeezenet__grid_a32_s32_user__optimized__rep1,/data/grizos/Scale-Sim-SPM/benchmarks/results_new/logs/optimized/squeezenet__grid_a32_s32_user__optimized__rep1.log,1.24.4,wil,3.8.10,x86_64,2026-09-30T12:49:12.941905+00:00
main_grid,squeezenet,grid_a32_s64_user,vanilla,1,32,64,USER,ws,0,10000000,20000000,40,217.74,0,ok,False,5751836,5934122,26,/data/grizos/SCALE-Sim/topologies/conv_nets/SqueezeNet.csv,/data/grizos/Scale-Sim-SPM/benchmarks/results_new/cfgs/squeezenet__grid_a32_s64_user__vanilla__rep1.cfg,/data/grizos/Scale-Sim-SPM/benchmarks/results_new/runs/vanilla/squeezenet__grid_a32_s64_user__vanilla__rep1,/data/grizos/Scale-Sim-SPM/benchmarks/results_new/logs/vanilla/squeezenet__grid_a32_s64_user__vanilla__rep1.log,1.24.4,wil,3.8.10,x86_64,2026-09-30T12:52:50.871299+00:00
main_grid,squeezenet,grid_a32_s64_user,optimized,1,32,64,USER,ws,0,10000000,20000000,40,119.442,0,ok,False,5751836,5934122,26,/data/grizos/Scale-Sim-SPM/topologies/conv_nets/SqueezeNet.csv,/data/grizos/Scale-Sim-SPM/benchmarks/results_new/cfgs/squeezenet__grid_a32_s64_user__optimized__rep1.cfg,/data/grizos/Scale-Sim-SPM/benchmarks/results_new/runs/optimized/squeezenet__grid_a32_s64_user__optimized__rep1,/data/grizos/Scale-Sim-SPM/benchmarks/results_new/logs/optimized/squeezenet__grid_a32_s64_user__optimized__rep1.log,1.24.4,wil,3.8.10,x86_64,2026-09-30T12:54:50.509996+00:00
main_grid,squeezenet,grid_a32_s128_user,vanilla,1,32,128,USER,ws,0,10000000,20000000,40,204.161,0,ok,False,4589303,4963501,26,/data/grizos/SCALE-Sim/topologies/conv_nets/SqueezeNet.csv,/data/grizos/Scale-Sim-SPM/benchmarks/results_new/cfgs/squeezenet__grid_a32_s128_user__vanilla__rep1.cfg,/data/grizos/Scale-Sim-SPM/benchmarks/results_new/runs/vanilla/squeezenet__grid_a32_s128_user__vanilla__rep1,/data/grizos/Scale-Sim-SPM/benchmarks/results_new/logs/vanilla/squeezenet__grid_a32_s128_user__vanilla__rep1.log,1.24.4,wil,3.8.10,x86_64,2026-09-30T12:58:14.863023+00:00
main_grid,squeezenet,grid_a32_s128_user,optimized,1,32,128,USER,ws,0,10000000,20000000,40,119.515,0,ok,False,4589303,4963501,26,/data/grizos/Scale-Sim-SPM/topologies/conv_nets/SqueezeNet.csv,/data/grizos/Scale-Sim-SPM/benchmarks/results_new/cfgs/squeezenet__grid_a32_s128_user__optimized__rep1.cfg,/data/grizos/Scale-Sim-SPM/benchmarks/results_new/runs/optimized/squeezenet__grid_a32_s128_user__optimized__rep1,/data/grizos/Scale-Sim-SPM/benchmarks/results_new/logs/optimized/squeezenet__grid_a32_s128_user__optimized__rep1.log,1.24.4,wil,3.8.10,x86_64,2026-09-30T13:00:14.540745+00:00
main_grid,squeezenet,grid_a32_s256_user,vanilla,1,32,256,USER,ws,0,10000000,20000000,40,183.81,0,ok,False,4346807,5038358,26,/data/grizos/SCALE-Sim/topologies/conv_nets/SqueezeNet.csv,/data/grizos/Scale-Sim-SPM/benchmarks/results_new/cfgs/squeezenet__grid_a32_s256_user__vanilla__rep1.cfg,/data/grizos/Scale-Sim-SPM/benchmarks/results_new/runs/vanilla/squeezenet__grid_a32_s256_user__vanilla__rep1,/data/grizos/Scale-Sim-SPM/benchmarks/results_new/logs/vanilla/squeezenet__grid_a32_s256_user__vanilla__rep1.log,1.24.4,wil,3.8.10,x86_64,2026-09-30T13:03:18.517202+00:00
main_grid,squeezenet,grid_a32_s256_user,optimized,1,32,256,USER,ws,0,10000000,20000000,40,113.609,0,ok,False,4346807,5038358,26,/data/grizos/Scale-Sim-SPM/topologies/conv_nets/SqueezeNet.csv,/data/grizos/Scale-Sim-SPM/benchmarks/results_new/cfgs/squeezenet__grid_a32_s256_user__optimized__rep1.cfg,/data/grizos/Scale-Sim-SPM/benchmarks/results_new/runs/optimized/squeezenet__grid_a32_s256_user__optimized__rep1,/data/grizos/Scale-Sim-SPM/benchmarks/results_new/logs/optimized/squeezenet__grid_a32_s256_user__optimized__rep1.log,1.24.4,wil,3.8.10,x86_64,2026-09-30T13:05:12.282356+00:00
main_grid,squeezenet,grid_a64_s16_user,vanilla,1,64,16,USER,ws,0,10000000,20000000,40,800.466,0,ok,False,11328850,11376290,26,/data/grizos/SCALE-Sim/topologies/conv_nets/SqueezeNet.csv,/data/grizos/Scale-Sim-SPM/benchmarks/results_new/cfgs/squeezenet__grid_a64_s16_user__vanilla__rep1.cfg,/data/grizos/Scale-Sim-SPM/benchmarks/results_new/runs/vanilla/squeezenet__grid_a64_s16_user__vanilla__rep1,/data/grizos/Scale-Sim-SPM/benchmarks/results_new/logs/vanilla/squeezenet__grid_a64_s16_user__vanilla__rep1.log,1.24.4,wil,3.8.10,x86_64,2026-09-30T13:18:32.906072+00:00
main_grid,squeezenet,grid_a64_s16_user,optimized,1,64,16,USER,ws,0,10000000,20000000,40,102.394,0,ok,False,11328850,11376290,26,/data/grizos/Scale-Sim-SPM/topologies/conv_nets/SqueezeNet.csv,/data/grizos/Scale-Sim-SPM/benchmarks/results_new/cfgs/squeezenet__grid_a64_s16_user__optimized__rep1.cfg,/data/grizos/Scale-Sim-SPM/benchmarks/results_new/runs/optimized/squeezenet__grid_a64_s16_user__optimized__rep1,/data/grizos/Scale-Sim-SPM/benchmarks/results_new/logs/optimized/squeezenet__grid_a64_s16_user__optimized__rep1.log,1.24.4,wil,3.8.10,x86_64,2026-09-30T13:20:15.527174+00:00
main_grid,squeezenet,grid_a64_s32_user,vanilla,1,64,32,USER,ws,0,10000000,20000000,40,160.621,0,ok,False,4991195,5088628,26,/data/grizos/SCALE-Sim/topologies/conv_nets/SqueezeNet.csv,/data/grizos/Scale-Sim-SPM/benchmarks/results_new/cfgs/squeezenet__grid_a64_s32_user__vanilla__rep1.cfg,/data/grizos/Scale-Sim-SPM/benchmarks/results_new/runs/vanilla/squeezenet__grid_a64_s32_user__vanilla__rep1,/data/grizos/Scale-Sim-SPM/benchmarks/results_new/logs/vanilla/squeezenet__grid_a64_s32_user__vanilla__rep1.log,1.24.4,wil,3.8.10,x86_64,2026-09-30T13:22:56.373672+00:00
main_grid,squeezenet,grid_a64_s32_user,optimized,1,64,32,USER,ws,0,10000000,20000000,40,80.745,0,ok,False,4991195,5088628,26,/data/grizos/Scale-Sim-SPM/topologies/conv_nets/SqueezeNet.csv,/data/grizos/Scale-Sim-SPM/benchmarks/results_new/cfgs/squeezenet__grid_a64_s32_user__optimized__rep1.cfg,/data/grizos/Scale-Sim-SPM/benchmarks/results_new/runs/optimized/squeezenet__grid_a64_s32_user__optimized__rep1,/data/grizos/Scale-Sim-SPM/benchmarks/results_new/logs/optimized/squeezenet__grid_a64_s32_user__optimized__rep1.log,1.24.4,wil,3.8.10,x86_64,2026-09-30T13:24:17.255494+00:00
main_grid,squeezenet,grid_a64_s64_user,vanilla,1,64,64,USER,ws,0,10000000,20000000,40,127.552,0,ok,False,4339174,4516003,26,/data/grizos/SCALE-Sim/topologies/conv_nets/SqueezeNet.csv,/data/grizos/Scale-Sim-SPM/benchmarks/results_new/cfgs/squeezenet__grid_a64_s64_user__vanilla__rep1.cfg,/data/grizos/Scale-Sim-SPM/benchmarks/results_new/runs/vanilla/squeezenet__grid_a64_s64_user__vanilla__rep1,/data/grizos/Scale-Sim-SPM/benchmarks/results_new/logs/vanilla/squeezenet__grid_a64_s64_user__vanilla__rep1.log,1.24.4,wil,3.8.10,x86_64,2026-09-30T13:26:24.944240+00:00
main_grid,squeezenet,grid_a64_s64_user,optimized,1,64,64,USER,ws,0,10000000,20000000,40,75.581,0,ok,False,4339174,4516003,26,/data/grizos/Scale-Sim-SPM/topologies/conv_nets/SqueezeNet.csv,/data/grizos/Scale-Sim-SPM/benchmarks/results_new/cfgs/squeezenet__grid_a64_s64_user__optimized__rep1.cfg,/data/grizos/Scale-Sim-SPM/benchmarks/results_new/runs/optimized/squeezenet__grid_a64_s64_user__optimized__rep1,/data/grizos/Scale-Sim-SPM/benchmarks/results_new/logs/optimized/squeezenet__grid_a64_s64_user__optimized__rep1.log,1.24.4,wil,3.8.10,x86_64,2026-09-30T13:27:40.649730+00:00
main_grid,squeezenet,grid_a64_s128_user,vanilla,1,64,128,USER,ws,0,10000000,20000000,40,116.371,0,ok,False,3475297,3852143,26,/data/grizos/SCALE-Sim/topologies/conv_nets/SqueezeNet.csv,/data/grizos/Scale-Sim-SPM/benchmarks/results_new/cfgs/squeezenet__grid_a64_s128_user__vanilla__rep1.cfg,/data/grizos/Scale-Sim-SPM/benchmarks/results_new/runs/vanilla/squeezenet__grid_a64_s128_user__vanilla__rep1,/data/grizos/Scale-Sim-SPM/benchmarks/results_new/logs/vanilla/squeezenet__grid_a64_s128_user__vanilla__rep1.log,1.24.4,wil,3.8.10,x86_64,2026-09-30T13:29:37.144917+00:00
main_grid,squeezenet,grid_a64_s128_user,optimized,1,64,128,USER,ws,0,10000000,20000000,40,72.564,0,ok,False,3475297,3852143,26,/data/grizos/Scale-Sim-SPM/topologies/conv_nets/SqueezeNet.csv,/data/grizos/Scale-Sim-SPM/benchmarks/results_new/cfgs/squeezenet__grid_a64_s128_user__optimized__rep1.cfg,/data/grizos/Scale-Sim-SPM/benchmarks/results_new/runs/optimized/squeezenet__grid_a64_s128_user__optimized__rep1,/data/grizos/Scale-Sim-SPM/benchmarks/results_new/logs/optimized/squeezenet__grid_a64_s128_user__optimized__rep1.log,1.24.4,wil,3.8.10,x86_64,2026-09-30T13:30:49.865182+00:00
main_grid,squeezenet,grid_a64_s256_user,vanilla,1,64,256,USER,ws,0,10000000,20000000,40,108.258,0,ok,False,3319955,3968546,26,/data/grizos/SCALE-Sim/topologies/conv_nets/SqueezeNet.csv,/data/grizos/Scale-Sim-SPM/benchmarks/results_new/cfgs/squeezenet__grid_a64_s256_user__vanilla__rep1.cfg,/data/grizos/Scale-Sim-SPM/benchmarks/results_new/runs/vanilla/squeezenet__grid_a64_s256_user__vanilla__rep1,/data/grizos/Scale-Sim-SPM/benchmarks/results_new/logs/vanilla/squeezenet__grid_a64_s256_user__vanilla__rep1.log,1.24.4,wil,3.8.10,x86_64,2026-09-30T13:32:38.238955+00:00
main_grid,squeezenet,grid_a64_s256_user,optimized,1,64,256,USER,ws,0,10000000,20000000,40,70.216,0,ok,False,3319955,3968546,26,/data/grizos/Scale-Sim-SPM/topologies/conv_nets/SqueezeNet.csv,/data/grizos/Scale-Sim-SPM/benchmarks/results_new/cfgs/squeezenet__grid_a64_s256_user__optimized__rep1.cfg,/data/grizos/Scale-Sim-SPM/benchmarks/results_new/runs/optimized/squeezenet__grid_a64_s256_user__optimized__rep1,/data/grizos/Scale-Sim-SPM/benchmarks/results_new/logs/optimized/squeezenet__grid_a64_s256_user__optimized__rep1.log,1.24.4,wil,3.8.10,x86_64,2026-09-30T13:33:48.567543+00:00
main_grid,squeezenet,grid_a16_s64_calc,vanilla,1,16,64,CALC,ws,0,10000000,20000000,40,358.34,0,ok,False,3497234,3618123,26,/data/grizos/SCALE-Sim/topologies/conv_nets/SqueezeNet.csv,/data/grizos/Scale-Sim-SPM/benchmarks/results_new/cfgs/squeezenet__grid_a16_s64_calc__vanilla__rep1.cfg,/data/grizos/Scale-Sim-SPM/benchmarks/results_new/runs/vanilla/squeezenet__grid_a16_s64_calc__vanilla__rep1,/data/grizos/Scale-Sim-SPM/benchmarks/results_new/logs/vanilla/squeezenet__grid_a16_s64_calc__vanilla__rep1.log,1.24.4,wil,3.8.10,x86_64,2026-09-30T13:39:47.023724+00:00
main_grid,squeezenet,grid_a16_s64_calc,optimized,1,16,64,CALC,ws,0,10000000,20000000,40,206.835,0,ok,False,3497234,3618123,26,/data/grizos/Scale-Sim-SPM/topologies/conv_nets/SqueezeNet.csv,/data/grizos/Scale-Sim-SPM/benchmarks/results_new/cfgs/squeezenet__grid_a16_s64_calc__optimized__rep1.cfg,/data/grizos/Scale-Sim-SPM/benchmarks/results_new/runs/optimized/squeezenet__grid_a16_s64_calc__optimized__rep1,/data/grizos/Scale-Sim-SPM/benchmarks/results_new/logs/optimized/squeezenet__grid_a16_s64_calc__optimized__rep1.log,1.24.4,wil,3.8.10,x86_64,2026-09-30T13:43:14.102586+00:00
main_grid,squeezenet,grid_a64_s64_calc,vanilla,1,64,64,CALC,ws,0,10000000,20000000,40,66.19,0,ok,False,327934,418850,26,/data/grizos/SCALE-Sim/topologies/conv_nets/SqueezeNet.csv,/data/grizos/Scale-Sim-SPM/benchmarks/results_new/cfgs/squeezenet__grid_a64_s64_calc__vanilla__rep1.cfg,/data/grizos/Scale-Sim-SPM/benchmarks/results_new/runs/vanilla/squeezenet__grid_a64_s64_calc__vanilla__rep1,/data/grizos/Scale-Sim-SPM/benchmarks/results_new/logs/vanilla/squeezenet__grid_a64_s64_calc__vanilla__rep1.log,1.24.4,wil,3.8.10,x86_64,2026-09-30T13:44:20.551865+00:00
main_grid,squeezenet,grid_a64_s64_calc,optimized,1,64,64,CALC,ws,0,10000000,20000000,40,42.543,0,ok,False,327934,418850,26,/data/grizos/Scale-Sim-SPM/topologies/conv_nets/SqueezeNet.csv,/data/grizos/Scale-Sim-SPM/benchmarks/results_new/cfgs/squeezenet__grid_a64_s64_calc__optimized__rep1.cfg,/data/grizos/Scale-Sim-SPM/benchmarks/results_new/runs/optimized/squeezenet__grid_a64_s64_calc__optimized__rep1,/data/grizos/Scale-Sim-SPM/benchmarks/results_new/logs/optimized/squeezenet__grid_a64_s64_calc__optimized__rep1.log,1.24.4,wil,3.8.10,x86_64,2026-09-30T13:45:03.181349+00:00
main_grid,squeezenet,ctrl_offset_shift,vanilla,1,32,64,CALC,ws,5000000,15000000,25000000,40,138.212,0,ok,False,975658,1074947,26,/data/grizos/SCALE-Sim/topologies/conv_nets/SqueezeNet.csv,/data/grizos/Scale-Sim-SPM/benchmarks/results_new/cfgs/squeezenet__ctrl_offset_shift__vanilla__rep1.cfg,/data/grizos/Scale-Sim-SPM/benchmarks/results_new/runs/vanilla/squeezenet__ctrl_offset_shift__vanilla__rep1,/data/grizos/Scale-Sim-SPM/benchmarks/results_new/logs/vanilla/squeezenet__ctrl_offset_shift__vanilla__rep1.log,1.24.4,wil,3.8.10,x86_64,2026-09-30T13:47:21.452531+00:00
main_grid,squeezenet,ctrl_offset_shift,optimized,1,32,64,CALC,ws,5000000,15000000,25000000,40,83.197,0,ok,False,975658,1074947,26,/data/grizos/Scale-Sim-SPM/topologies/conv_nets/SqueezeNet.csv,/data/grizos/Scale-Sim-SPM/benchmarks/results_new/cfgs/squeezenet__ctrl_offset_shift__optimized__rep1.cfg,/data/grizos/Scale-Sim-SPM/benchmarks/results_new/runs/optimized/squeezenet__ctrl_offset_shift__optimized__rep1,/data/grizos/Scale-Sim-SPM/benchmarks/results_new/logs/optimized/squeezenet__ctrl_offset_shift__optimized__rep1.log,1.24.4,wil,3.8.10,x86_64,2026-09-30T13:48:44.790468+00:00
main_grid,squeezenet,ctrl_seed_alt,vanilla,1,32,64,CALC,ws,0,10000000,20000000,777,132.35,0,ok,False,975658,1074947,26,/data/grizos/SCALE-Sim/topologies/conv_nets/SqueezeNet.csv,/data/grizos/Scale-Sim-SPM/benchmarks/results_new/cfgs/squeezenet__ctrl_seed_alt__vanilla__rep1.cfg,/data/grizos/Scale-Sim-SPM/benchmarks/results_new/runs/vanilla/squeezenet__ctrl_seed_alt__vanilla__rep1,/data/grizos/Scale-Sim-SPM/benchmarks/results_new/logs/vanilla/squeezenet__ctrl_seed_alt__vanilla__rep1.log,1.24.4,wil,3.8.10,x86_64,2026-09-30T13:50:57.281952+00:00
main_grid,squeezenet,ctrl_seed_alt,optimized,1,32,64,CALC,ws,0,10000000,20000000,777,82.482,0,ok,False,975658,1074947,26,/data/grizos/Scale-Sim-SPM/topologies/conv_nets/SqueezeNet.csv,/data/grizos/Scale-Sim-SPM/benchmarks/results_new/cfgs/squeezenet__ctrl_seed_alt__optimized__rep1.cfg,/data/grizos/Scale-Sim-SPM/benchmarks/results_new/runs/optimized/squeezenet__ctrl_seed_alt__optimized__rep1,/data/grizos/Scale-Sim-SPM/benchmarks/results_new/logs/optimized/squeezenet__ctrl_seed_alt__optimized__rep1.log,1.24.4,wil,3.8.10,x86_64,2026-09-30T13:52:19.894345+00:00
dataflow_addendum,resnet18,anchor_dfos,vanilla,1,32,64,CALC,os,0,10000000,20000000,40,265.673,0,ok,False,1718353,1797686,21,/data/grizos/SCALE-Sim/topologies/conv_nets/Resnet18.csv,/data/grizos/Scale-Sim-SPM/benchmarks/results_new/cfgs/resnet18__anchor_dfos__vanilla__rep1.cfg,/data/grizos/Scale-Sim-SPM/benchmarks/results_new/runs/vanilla/resnet18__anchor_dfos__vanilla__rep1,/data/grizos/Scale-Sim-SPM/benchmarks/results_new/logs/vanilla/resnet18__anchor_dfos__vanilla__rep1.log,1.24.4,wil,3.8.10,x86_64,2026-09-30T13:56:45.699823+00:00
dataflow_addendum,resnet18,anchor_dfos,optimized,1,32,64,CALC,os,0,10000000,20000000,40,131.014,0,ok,False,1718353,1797686,21,/data/grizos/Scale-Sim-SPM/topologies/conv_nets/Resnet18.csv,/data/grizos/Scale-Sim-SPM/benchmarks/results_new/cfgs/resnet18__anchor_dfos__optimized__rep1.cfg,/data/grizos/Scale-Sim-SPM/benchmarks/results_new/runs/optimized/resnet18__anchor_dfos__optimized__rep1,/data/grizos/Scale-Sim-SPM/benchmarks/results_new/logs/optimized/resnet18__anchor_dfos__optimized__rep1.log,1.24.4,wil,3.8.10,x86_64,2026-09-30T13:58:56.908456+00:00
dataflow_addendum,resnet18,anchor_dfis,vanilla,1,32,64,CALC,is,0,10000000,20000000,40,496.708,0,ok,False,2838997,2919230,21,/data/grizos/SCALE-Sim/topologies/conv_nets/Resnet18.csv,/data/grizos/Scale-Sim-SPM/benchmarks/results_new/cfgs/resnet18__anchor_dfis__vanilla__rep1.cfg,/data/grizos/Scale-Sim-SPM/benchmarks/results_new/runs/vanilla/resnet18__anchor_dfis__vanilla__rep1,/data/grizos/Scale-Sim-SPM/benchmarks/results_new/logs/vanilla/resnet18__anchor_dfis__vanilla__rep1.log,1.24.4,wil,3.8.10,x86_64,2026-09-30T14:07:13.796895+00:00
dataflow_addendum,resnet18,anchor_dfis,optimized,1,32,64,CALC,is,0,10000000,20000000,40,361.437,0,ok,False,2838997,2919230,21,/data/grizos/Scale-Sim-SPM/topologies/conv_nets/Resnet18.csv,/data/grizos/Scale-Sim-SPM/benchmarks/results_new/cfgs/resnet18__anchor_dfis__optimized__rep1.cfg,/data/grizos/Scale-Sim-SPM/benchmarks/results_new/runs/optimized/resnet18__anchor_dfis__optimized__rep1,/data/grizos/Scale-Sim-SPM/benchmarks/results_new/logs/optimized/resnet18__anchor_dfis__optimized__rep1.log,1.24.4,wil,3.8.10,x86_64,2026-09-30T14:13:15.471869+00:00
dataflow_addendum,vit_b,anchor_dfos,vanilla,1,32,64,CALC,os,0,10000000,20000000,40,242.964,0,ok,False,1169093,1187744,5,/data/grizos/SCALE-Sim/topologies/ispass25_models/vit_b.csv,/data/grizos/Scale-Sim-SPM/benchmarks/results_new/cfgs/vit_b__anchor_dfos__vanilla__rep1.cfg,/data/grizos/Scale-Sim-SPM/benchmarks/results_new/runs/vanilla/vit_b__anchor_dfos__vanilla__rep1,/data/grizos/Scale-Sim-SPM/benchmarks/results_new/logs/vanilla/vit_b__anchor_dfos__vanilla__rep1.log,1.24.4,wil,3.8.10,x86_64,2026-09-30T14:17:18.732467+00:00
dataflow_addendum,vit_b,anchor_dfos,optimized,1,32,64,CALC,os,0,10000000,20000000,40,137.822,0,ok,False,1169093,1187744,5,/data/grizos/Scale-Sim-SPM/topologies/ispass25_models/vit_b.csv,/data/grizos/Scale-Sim-SPM/benchmarks/results_new/cfgs/vit_b__anchor_dfos__optimized__rep1.cfg,/data/grizos/Scale-Sim-SPM/benchmarks/results_new/runs/optimized/vit_b__anchor_dfos__optimized__rep1,/data/grizos/Scale-Sim-SPM/benchmarks/results_new/logs/optimized/vit_b__anchor_dfos__optimized__rep1.log,1.24.4,wil,3.8.10,x86_64,2026-09-30T14:19:36.700450+00:00
dataflow_addendum,vit_b,anchor_dfis,vanilla,1,32,64,CALC,is,0,10000000,20000000,40,254.402,0,ok,False,1217897,1237466,5,/data/grizos/SCALE-Sim/topologies/ispass25_models/vit_b.csv,/data/grizos/Scale-Sim-SPM/benchmarks/results_new/cfgs/vit_b__anchor_dfis__vanilla__rep1.cfg,/data/grizos/Scale-Sim-SPM/benchmarks/results_new/runs/vanilla/vit_b__anchor_dfis__vanilla__rep1,/data/grizos/Scale-Sim-SPM/benchmarks/results_new/logs/vanilla/vit_b__anchor_dfis__vanilla__rep1.log,1.24.4,wil,3.8.10,x86_64,2026-09-30T14:23:51.251008+00:00
dataflow_addendum,vit_b,anchor_dfis,optimized,1,32,64,CALC,is,0,10000000,20000000,40,148.991,0,ok,False,1217897,1237466,5,/data/grizos/Scale-Sim-SPM/topologies/ispass25_models/vit_b.csv,/data/grizos/Scale-Sim-SPM/benchmarks/results_new/cfgs/vit_b__anchor_dfis__optimized__rep1.cfg,/data/grizos/Scale-Sim-SPM/benchmarks/results_new/runs/optimized/vit_b__anchor_dfis__optimized__rep1,/data/grizos/Scale-Sim-SPM/benchmarks/results_new/logs/optimized/vit_b__anchor_dfis__optimized__rep1.log,1.24.4,wil,3.8.10,x86_64,2026-09-30T14:26:20.424977+00:00
